elevation,slope,flow_accumulation,distance_to_river,flood_depth,lulc_agriculture,lulc_urban,population_density,velocity_index,risk_class,region,district
191.6,11.1,847.98,182.59,1.2,0.87,0.1,615,0.62,1,Bihar,Patna
392.5,30.8,405.22,95.48,0.7,0.46,0.24,275,0.48,1,Jharkhand,Ranchi
37.9,14.6,4816.73,52.99,0.9,0.9,0.09,982,0.75,2,Bihar,Muzaffarpur
106.6,0.7,2434.05,570.16,3.0,0.75,0.06,574,0.61,1,Bihar,Gaya
358.3,14.3,2815.95,198.41,0.7,0.36,0.26,25,0.56,0,Jharkhand,Ranchi
262.4,19.9,790.66,1045.05,2.2,0.46,0.34,1489,0.64,1,Jharkhand,Hazaribagh
121.7,9.0,1614.81,671.95,3.2,0.73,0.03,275,0.72,1,Bihar,Muzaffarpur
79.9,0.7,7807.42,44.34,3.7,0.89,0.11,1232,0.84,2,Bihar,Patna
86.3,1.4,6539.38,74.5,2.0,0.88,0.09,63,0.86,2,Bihar,Patna
340.2,24.0,1479.36,589.56,1.6,0.31,0.17,25,0.56,1,Jharkhand,Dhanbad
83.4,7.9,2641.41,476.25,1.6,0.75,0.04,171,0.9,1,Bihar,Bhagalpur
382.4,30.2,3255.94,401.4,2.6,0.57,0.26,1317,0.41,1,Jharkhand,Jamshedpur
229.5,12.8,3407.66,103.47,1.4,0.3,0.25,432,0.82,1,Jharkhand,Ranchi
50.4,5.4,3657.26,572.62,2.0,0.77,0.15,1641,0.88,2,Bihar,Bhagalpur
274.3,17.5,1880.98,134.1,0.3,0.32,0.21,1911,0.6,1,Jharkhand,Dhanbad
120.3,7.0,421.55,160.99,3.2,0.75,0.13,317,0.75,1,Bihar,Muzaffarpur
249.7,30.4,1419.36,640.48,0.6,0.56,0.22,199,0.72,0,Jharkhand,Hazaribagh
352.4,18.7,1013.57,40.45,2.8,0.55,0.29,1063,0.61,2,Jharkhand,Dhanbad
285.4,27.4,8053.56,103.79,0.7,0.38,0.35,2691,0.61,1,Jharkhand,Dhanbad
180.0,3.2,9375.53,65.39,3.7,0.78,0.14,951,0.94,2,Bihar,Gaya
182.8,9.3,5445.81,1.85,1.0,0.73,0.1,588,0.6,1,Bihar,Patna
206.1,27.8,2744.72,108.33,1.1,0.55,0.28,672,0.69,1,Jharkhand,Ranchi
241.9,16.6,998.77,111.88,2.9,0.49,0.31,558,0.84,1,Jharkhand,Dhanbad
273.1,14.9,49.23,512.7,1.0,0.35,0.34,2462,0.69,1,Jharkhand,Dhanbad
157.1,14.3,4246.58,80.32,3.0,0.72,0.07,105,0.99,2,Bihar,Begusarai
58.8,8.6,4220.56,550.26,3.6,0.82,0.15,75,0.64,1,Bihar,Begusarai
179.2,11.2,2227.46,238.81,3.7,0.86,0.13,1008,0.72,2,Bihar,Muzaffarpur
116.9,7.8,6052.75,320.19,3.4,0.88,0.07,235,0.92,2,Bihar,Patna
294.6,10.9,675.26,250.64,1.7,0.31,0.16,1383,0.65,1,Jharkhand,Jamshedpur
181.8,23.1,1950.44,587.86,0.8,0.32,0.26,622,0.35,0,Jharkhand,Dhanbad
52.6,14.6,2544.31,250.77,0.7,0.85,0.06,101,0.77,0,Bihar,Patna
257.1,27.2,1168.06,23.98,2.8,0.33,0.19,2181,0.44,2,Jharkhand,Dhanbad
155.4,8.5,1423.31,189.21,2.4,0.85,0.03,61,0.74,1,Bihar,Gaya
82.9,14.7,7206.17,38.55,0.6,0.77,0.09,524,0.92,1,Bihar,Bhagalpur
387.3,32.2,5419.19,120.93,0.2,0.46,0.29,765,0.6,1,Jharkhand,Hazaribagh
386.1,31.7,2261.25,404.68,2.4,0.34,0.31,1374,0.64,1,Jharkhand,Dhanbad
355.1,26.3,483.1,92.61,1.0,0.31,0.27,328,0.53,1,Jharkhand,Dhanbad
246.3,27.0,1370.51,166.58,0.9,0.4,0.34,31,0.72,1,Jharkhand,Jamshedpur
194.5,8.4,4289.22,110.15,3.1,0.73,0.06,434,0.89,2,Bihar,Gaya
70.6,10.4,2371.9,269.34,1.6,0.8,0.08,176,0.81,1,Bihar,Gaya
39.1,14.4,15709.68,375.65,2.1,0.8,0.09,43,0.87,2,Bihar,Bhagalpur
132.4,8.5,7600.18,47.84,4.8,0.89,0.15,2752,0.65,2,Bihar,Begusarai
334.3,23.6,2329.7,489.44,2.9,0.56,0.32,444,0.8,1,Jharkhand,Ranchi
249.2,32.3,531.13,63.41,1.6,0.56,0.33,216,0.65,2,Jharkhand,Hazaribagh
130.6,5.6,2373.98,246.32,2.7,0.75,0.07,284,0.88,1,Bihar,Bhagalpur
98.9,8.8,8652.11,270.17,4.0,0.84,0.06,255,0.9,2,Bihar,Gaya
170.7,23.2,7624.42,229.32,2.4,0.4,0.16,2068,0.63,2,Jharkhand,Ranchi
213.2,27.4,488.76,31.37,0.7,0.6,0.29,387,0.48,1,Jharkhand,Ranchi
185.6,14.4,564.48,11.92,2.3,0.73,0.11,245,0.73,1,Bihar,Bhagalpur
216.5,19.0,65.7,120.41,1.5,0.42,0.27,252,0.47,0,Jharkhand,Hazaribagh
169.8,14.3,2708.51,258.72,3.3,0.87,0.04,13,0.97,1,Bihar,Begusarai
111.7,14.8,2496.05,94.56,3.9,0.81,0.04,18,0.93,2,Bihar,Bhagalpur
32.3,1.6,6929.69,235.35,2.9,0.82,0.12,707,0.97,2,Bihar,Bhagalpur
71.0,3.5,1161.1,57.92,1.7,0.85,0.04,156,0.95,2,Bihar,Bhagalpur
114.7,7.4,8474.59,356.01,1.9,0.72,0.13,445,0.99,1,Bihar,Muzaffarpur
135.5,10.7,73.26,47.9,1.1,0.82,0.08,287,0.74,1,Bihar,Gaya
89.2,8.0,4865.45,306.17,2.3,0.89,0.05,1305,0.94,1,Bihar,Muzaffarpur
214.6,21.5,797.23,1565.46,1.6,0.37,0.17,110,0.68,1,Jharkhand,Ranchi
53.6,9.8,11354.87,40.15,2.1,0.83,0.05,106,0.79,2,Bihar,Begusarai
58.7,4.5,642.78,38.96,0.9,0.74,0.07,350,0.78,1,Bihar,Gaya
36.7,12.1,10340.67,197.72,0.9,0.71,0.06,820,0.97,2,Bihar,Begusarai
61.4,3.5,4815.01,92.56,2.7,0.79,0.12,18,0.75,2,Bihar,Begusarai
328.3,32.4,226.72,286.71,1.7,0.46,0.2,250,0.57,1,Jharkhand,Dhanbad
33.4,5.2,637.82,47.51,2.0,0.82,0.11,778,0.96,2,Bihar,Patna
44.8,8.3,2825.17,176.78,3.9,0.76,0.07,519,0.65,2,Bihar,Muzaffarpur
239.0,34.7,214.69,372.33,0.9,0.37,0.18,165,0.39,0,Jharkhand,Dhanbad
193.3,32.4,1056.61,33.45,1.7,0.33,0.23,2791,0.89,2,Jharkhand,Hazaribagh
354.3,16.4,5300.77,74.96,2.1,0.47,0.21,1173,0.63,2,Jharkhand,Dhanbad
230.9,20.6,243.97,283.39,0.9,0.39,0.27,134,0.67,1,Jharkhand,Hazaribagh
283.1,11.3,130.94,164.15,0.6,0.4,0.31,235,0.89,1,Jharkhand,Ranchi
159.2,9.1,2145.22,127.57,2.4,0.87,0.15,66,0.97,1,Bihar,Bhagalpur
384.6,14.5,1708.85,27.52,2.3,0.34,0.31,180,0.81,2,Jharkhand,Dhanbad
191.1,30.4,888.92,437.69,1.7,0.42,0.31,462,0.83,1,Jharkhand,Dhanbad
265.7,17.5,528.49,550.71,1.6,0.42,0.26,1895,0.84,1,Jharkhand,Jamshedpur
103.4,5.3,911.99,262.27,3.6,0.8,0.12,425,0.95,1,Bihar,Begusarai
83.0,4.1,4218.57,272.47,0.7,0.88,0.07,860,0.9,1,Bihar,Bhagalpur
107.7,9.3,3331.14,139.55,2.9,0.85,0.03,456,0.76,1,Bihar,Patna
329.0,25.0,838.69,701.32,2.9,0.43,0.21,763,0.44,1,Jharkhand,Jamshedpur
184.8,12.5,1797.7,118.29,2.2,0.58,0.31,18,0.36,1,Jharkhand,Ranchi
161.1,5.9,550.45,14.28,0.8,0.88,0.04,134,0.94,1,Bihar,Muzaffarpur
196.6,30.9,515.98,161.47,1.1,0.41,0.3,184,0.66,1,Jharkhand,Hazaribagh
132.6,2.2,12817.17,107.06,4.4,0.8,0.14,442,0.79,2,Bihar,Gaya
185.2,4.1,172.33,172.38,1.2,0.86,0.06,124,0.72,1,Bihar,Patna
278.8,34.4,3941.27,245.73,1.8,0.36,0.21,296,0.62,1,Jharkhand,Ranchi
256.7,30.0,1961.53,171.94,1.5,0.55,0.27,278,0.53,1,Jharkhand,Dhanbad
119.1,6.9,843.52,102.42,3.0,0.87,0.14,233,0.67,1,Bihar,Muzaffarpur
311.0,20.2,2517.37,10.29,0.6,0.31,0.19,210,0.7,1,Jharkhand,Dhanbad
131.2,5.4,4067.79,168.54,4.5,0.86,0.15,462,0.89,2,Bihar,Gaya
390.7,33.6,783.1,60.83,1.3,0.49,0.3,1507,0.35,1,Jharkhand,Dhanbad
369.1,26.1,1960.39,486.89,2.7,0.55,0.22,27,0.5,1,Jharkhand,Ranchi
236.3,29.3,495.67,180.24,2.6,0.53,0.17,667,0.88,2,Jharkhand,Ranchi
112.4,7.9,2575.42,270.72,3.6,0.83,0.08,70,0.69,1,Bihar,Bhagalpur
147.5,10.4,8438.47,345.85,2.9,0.71,0.08,344,0.8,1,Bihar,Gaya
176.6,13.5,2634.91,122.44,0.9,0.49,0.25,681,0.45,0,Jharkhand,Dhanbad
98.7,11.7,15925.66,109.65,2.1,0.72,0.12,35,0.67,1,Bihar,Muzaffarpur
90.5,10.9,3231.8,70.51,3.0,0.89,0.12,120,0.87,2,Bihar,Begusarai
215.6,24.9,1816.86,21.12,1.6,0.53,0.17,62,0.5,2,Jharkhand,Dhanbad
114.2,10.5,8549.12,114.12,1.6,0.84,0.06,446,0.92,2,Bihar,Bhagalpur
45.6,13.8,2953.01,29.43,4.8,0.81,0.13,658,0.67,2,Bihar,Gaya
142.0,10.5,3361.09,378.35,1.6,0.9,0.14,20,0.69,1,Bihar,Bhagalpur
381.3,14.5,69.07,335.68,2.8,0.39,0.33,2833,0.72,1,Jharkhand,Jamshedpur
110.6,13.0,8827.99,372.29,1.9,0.82,0.06,64,0.61,1,Bihar,Gaya
324.1,18.5,757.52,516.05,0.4,0.54,0.21,786,0.62,0,Jharkhand,Dhanbad
304.0,15.8,43.0,9.88,2.6,0.46,0.34,1282,0.82,2,Jharkhand,Ranchi
39.0,1.8,4346.53,7.66,2.7,0.78,0.04,205,0.71,2,Bihar,Patna
333.1,10.1,3832.22,251.93,1.0,0.48,0.21,1929,0.73,1,Jharkhand,Ranchi
48.6,6.2,7997.17,26.58,4.8,0.82,0.15,1077,0.7,2,Bihar,Bhagalpur
375.9,34.7,1026.93,544.02,0.4,0.37,0.32,102,0.8,1,Jharkhand,Dhanbad
95.3,1.0,8066.47,630.57,4.2,0.74,0.09,454,0.85,2,Bihar,Muzaffarpur
74.2,8.0,11386.35,135.13,5.0,0.82,0.12,17,0.79,2,Bihar,Gaya
365.0,21.4,1295.11,198.49,1.0,0.56,0.16,319,0.33,1,Jharkhand,Hazaribagh
155.0,4.6,5948.94,58.24,0.5,0.81,0.15,57,0.62,1,Bihar,Gaya
397.9,11.5,4739.88,857.91,1.6,0.5,0.26,1598,0.64,1,Jharkhand,Ranchi
177.6,4.1,2032.39,34.24,1.2,0.89,0.04,600,0.7,1,Bihar,Begusarai
370.4,34.0,10.32,250.55,2.7,0.37,0.33,0,0.79,1,Jharkhand,Dhanbad
339.2,16.5,790.34,85.84,0.4,0.33,0.23,7,0.64,1,Jharkhand,Hazaribagh
51.8,4.6,9166.71,3.72,2.4,0.74,0.12,777,0.76,2,Bihar,Begusarai
342.7,33.7,2465.92,72.79,2.4,0.32,0.16,1530,0.58,2,Jharkhand,Jamshedpur
319.0,21.1,967.76,417.17,1.9,0.55,0.22,1366,0.34,1,Jharkhand,Jamshedpur
30.2,2.8,539.0,126.43,4.7,0.81,0.13,177,0.94,2,Bihar,Muzaffarpur
343.2,15.8,6606.51,56.32,2.6,0.52,0.33,1557,0.32,2,Jharkhand,Hazaribagh
340.0,21.1,2577.77,149.56,1.1,0.36,0.32,1003,0.75,1,Jharkhand,Hazaribagh
267.9,23.6,191.18,69.38,0.8,0.44,0.26,14,0.39,1,Jharkhand,Dhanbad
35.5,13.9,3284.29,191.76,4.1,0.73,0.11,281,0.65,2,Bihar,Patna
272.9,11.6,3194.61,348.88,1.0,0.44,0.15,60,0.49,0,Jharkhand,Jamshedpur
270.0,25.0,3933.98,137.93,2.1,0.31,0.25,88,0.77,1,Jharkhand,Hazaribagh
197.7,2.6,6061.12,138.19,3.3,0.7,0.07,364,0.82,2,Bihar,Patna
89.6,1.0,711.94,16.37,2.3,0.84,0.13,111,0.83,2,Bihar,Bhagalpur
47.8,9.7,13760.97,245.16,0.6,0.81,0.12,1023,0.62,1,Bihar,Patna
350.4,18.5,4504.1,674.58,0.4,0.55,0.24,825,0.63,0,Jharkhand,Jamshedpur
154.4,1.7,869.06,12.45,1.6,0.74,0.15,205,0.95,2,Bihar,Patna
347.4,26.5,2540.24,275.82,1.8,0.6,0.34,840,0.44,1,Jharkhand,Ranchi
320.1,11.8,1242.11,12.45,0.9,0.52,0.3,443,0.82,1,Jharkhand,Dhanbad
242.8,34.7,1728.7,16.37,2.6,0.52,0.25,1653,0.56,2,Jharkhand,Jamshedpur
255.4,16.9,473.12,358.94,2.8,0.49,0.3,112,0.67,1,Jharkhand,Jamshedpur
377.3,14.5,399.29,108.48,2.9,0.45,0.2,1636,0.81,2,Jharkhand,Jamshedpur
142.6,1.9,2546.18,211.18,1.9,0.7,0.1,456,0.94,1,Bihar,Bhagalpur
209.3,15.9,803.61,860.67,1.4,0.5,0.18,477,0.57,0,Jharkhand,Ranchi
387.1,16.3,1860.47,178.05,1.3,0.46,0.31,977,0.51,1,Jharkhand,Dhanbad
366.1,24.0,8638.93,310.53,0.3,0.37,0.16,817,0.37,1,Jharkhand,Jamshedpur
188.8,5.1,802.86,141.54,0.7,0.89,0.03,1516,0.99,1,Bihar,Gaya
367.0,21.4,2198.41,289.93,1.6,0.31,0.21,975,0.38,1,Jharkhand,Ranchi
318.4,34.2,1173.08,39.44,2.1,0.35,0.29,1456,0.82,2,Jharkhand,Jamshedpur
320.8,22.4,1690.78,384.77,2.6,0.58,0.29,902,0.32,1,Jharkhand,Dhanbad
143.4,8.9,4643.76,85.72,1.2,0.87,0.15,698,0.73,1,Bihar,Gaya
79.1,2.1,12996.53,210.26,3.9,0.88,0.14,190,0.78,2,Bihar,Gaya
93.9,4.8,4974.08,209.44,2.0,0.81,0.08,397,0.84,1,Bihar,Begusarai
122.8,6.9,922.29,2.96,3.1,0.85,0.09,390,0.86,2,Bihar,Bhagalpur
361.8,32.9,322.67,672.3,0.5,0.37,0.25,401,0.62,0,Jharkhand,Jamshedpur
151.6,8.1,11351.28,345.64,2.4,0.89,0.11,239,0.63,1,Bihar,Muzaffarpur
269.8,14.9,1480.83,72.77,1.9,0.58,0.26,695,0.7,1,Jharkhand,Ranchi
329.4,20.0,1478.3,1504.15,2.5,0.56,0.31,163,0.37,0,Jharkhand,Jamshedpur
126.4,4.2,8199.29,658.97,2.7,0.71,0.11,1512,0.82,2,Bihar,Bhagalpur
180.3,3.8,2646.89,47.66,3.2,0.88,0.07,135,0.94,2,Bihar,Gaya
76.7,12.4,502.06,110.24,3.5,0.79,0.1,91,0.85,2,Bihar,Patna
176.7,3.6,5135.71,20.12,0.6,0.81,0.06,247,0.84,1,Bihar,Patna
114.5,14.8,2590.25,29.34,3.6,0.84,0.11,2369,0.77,2,Bihar,Bhagalpur
176.0,28.1,165.5,345.47,1.0,0.57,0.19,312,0.35,0,Jharkhand,Hazaribagh
134.9,6.9,362.49,356.6,3.5,0.75,0.1,569,0.86,1,Bihar,Bhagalpur
264.2,14.8,901.8,21.5,1.3,0.43,0.22,694,0.9,1,Jharkhand,Ranchi
390.4,25.9,1053.5,562.33,0.7,0.55,0.15,286,0.55,0,Jharkhand,Jamshedpur
268.7,19.6,40.46,51.06,2.9,0.53,0.2,890,0.74,2,Jharkhand,Jamshedpur
214.3,29.7,1413.84,800.06,1.9,0.32,0.17,206,0.4,1,Jharkhand,Hazaribagh
94.8,5.5,8723.03,54.64,2.8,0.89,0.13,88,0.71,2,Bihar,Muzaffarpur
293.6,24.2,1012.27,198.4,1.6,0.49,0.28,608,0.62,1,Jharkhand,Dhanbad
185.3,15.3,46.32,683.12,1.1,0.37,0.34,680,0.39,0,Jharkhand,Hazaribagh
293.8,22.0,299.78,150.59,1.9,0.55,0.21,2442,0.84,2,Jharkhand,Ranchi
316.6,13.0,529.37,260.21,1.6,0.53,0.17,721,0.35,0,Jharkhand,Ranchi
104.7,2.0,4832.5,204.79,1.5,0.73,0.04,758,0.86,1,Bihar,Patna
164.5,34.9,8230.6,23.81,2.1,0.34,0.17,289,0.44,2,Jharkhand,Ranchi
135.1,9.7,1247.45,51.99,1.5,0.83,0.13,644,0.67,1,Bihar,Patna
98.8,10.0,3285.38,87.46,2.9,0.78,0.15,142,0.67,1,Bihar,Patna
254.6,29.8,420.69,349.05,2.1,0.4,0.32,793,0.67,1,Jharkhand,Dhanbad
41.0,1.1,5193.56,92.85,1.7,0.75,0.05,68,0.8,2,Bihar,Muzaffarpur
210.9,26.3,3926.02,665.74,1.9,0.59,0.18,86,0.54,1,Jharkhand,Jamshedpur
385.7,30.2,5327.65,31.8,1.0,0.53,0.32,547,0.45,1,Jharkhand,Ranchi
262.5,15.7,4281.94,880.7,1.5,0.6,0.24,39,0.36,0,Jharkhand,Dhanbad
336.6,26.5,72.44,648.06,0.5,0.42,0.24,3822,0.61,1,Jharkhand,Ranchi
385.6,29.6,1595.31,175.3,1.4,0.32,0.23,68,0.8,1,Jharkhand,Dhanbad
374.7,29.6,2201.33,103.43,2.9,0.38,0.2,57,0.31,1,Jharkhand,Jamshedpur
111.3,13.5,3215.47,77.79,1.1,0.8,0.14,367,0.65,1,Bihar,Muzaffarpur
189.2,11.1,199.67,46.98,1.9,0.47,0.23,142,0.53,1,Jharkhand,Jamshedpur
382.1,26.9,9763.27,274.11,0.2,0.4,0.33,239,0.7,1,Jharkhand,Hazaribagh
138.1,3.7,4080.11,766.99,3.9,0.71,0.07,699,0.67,1,Bihar,Muzaffarpur
37.3,2.9,8512.85,28.25,3.8,0.8,0.13,659,0.69,2,Bihar,Patna
130.4,7.9,5837.97,70.64,3.0,0.83,0.12,87,0.95,2,Bihar,Gaya
152.3,16.2,208.9,518.53,3.0,0.54,0.19,647,0.54,1,Jharkhand,Hazaribagh
304.0,14.7,1615.89,175.64,2.4,0.53,0.16,1095,0.3,1,Jharkhand,Hazaribagh
389.5,19.2,729.43,158.36,0.6,0.6,0.22,476,0.83,1,Jharkhand,Ranchi
371.5,24.8,2378.94,198.72,1.4,0.49,0.22,1264,0.3,1,Jharkhand,Hazaribagh
297.1,22.0,1734.92,411.25,0.4,0.47,0.27,902,0.64,1,Jharkhand,Ranchi
217.5,30.6,120.67,275.87,0.4,0.54,0.29,1243,0.5,1,Jharkhand,Dhanbad
260.0,13.7,185.55,159.11,1.4,0.48,0.3,5124,0.43,1,Jharkhand,Dhanbad
310.6,20.5,251.89,404.44,2.4,0.55,0.23,678,0.55,1,Jharkhand,Hazaribagh
196.1,19.1,48.98,162.89,0.3,0.38,0.25,283,0.8,0,Jharkhand,Ranchi
74.1,6.7,1029.6,412.29,4.3,0.79,0.09,71,0.92,2,Bihar,Begusarai
332.0,22.4,2900.71,229.68,2.2,0.48,0.18,1113,0.4,1,Jharkhand,Hazaribagh
389.2,11.7,606.83,23.5,1.0,0.57,0.2,253,0.45,1,Jharkhand,Ranchi
262.4,29.4,68.38,27.04,1.6,0.57,0.18,608,0.34,1,Jharkhand,Dhanbad
89.0,13.5,16537.77,4.41,3.5,0.89,0.04,271,0.82,2,Bihar,Begusarai
332.7,34.5,441.54,118.57,2.0,0.44,0.34,750,0.64,1,Jharkhand,Hazaribagh
49.4,2.7,9506.18,51.06,1.6,0.8,0.04,983,0.82,2,Bihar,Gaya
166.9,27.7,1226.09,313.7,0.4,0.35,0.34,1517,0.59,1,Jharkhand,Dhanbad
265.6,20.3,128.59,421.04,1.7,0.54,0.24,42,0.61,1,Jharkhand,Hazaribagh
64.2,4.3,7068.36,35.99,2.0,0.74,0.14,1058,0.81,2,Bihar,Bhagalpur
209.7,21.3,55.09,1679.61,2.4,0.44,0.33,618,0.34,1,Jharkhand,Hazaribagh
176.4,26.4,2988.76,690.62,1.3,0.36,0.25,270,0.88,1,Jharkhand,Dhanbad
294.4,25.9,4932.33,639.63,1.3,0.35,0.29,1261,0.62,1,Jharkhand,Ranchi
91.7,13.5,4557.92,36.99,2.8,0.77,0.12,858,0.61,2,Bihar,Begusarai
165.8,14.5,6730.19,388.81,1.0,0.9,0.09,65,0.73,1,Bihar,Patna
230.8,34.9,278.13,1560.48,2.0,0.33,0.16,1385,0.71,1,Jharkhand,Ranchi
244.8,34.3,5007.15,164.3,1.0,0.53,0.35,1852,0.37,1,Jharkhand,Hazaribagh
228.5,16.4,1490.71,684.27,2.7,0.33,0.17,1015,0.45,1,Jharkhand,Jamshedpur
183.9,11.2,2859.12,42.46,3.3,0.85,0.13,928,0.83,2,Bihar,Patna
35.3,11.2,19.12,22.49,1.9,0.73,0.11,2398,0.87,2,Bihar,Begusarai
148.0,7.9,168.76,72.86,1.5,0.83,0.14,1024,0.72,1,Bihar,Begusarai
164.0,10.1,5554.42,60.3,4.6,0.72,0.08,308,0.82,2,Bihar,Bhagalpur
286.7,19.5,1098.26,1505.45,0.5,0.52,0.33,262,0.33,0,Jharkhand,Ranchi
223.1,32.8,36.34,560.91,2.5,0.52,0.21,1414,0.88,2,Jharkhand,Ranchi
368.2,12.8,203.03,486.53,1.7,0.3,0.24,286,0.45,0,Jharkhand,Dhanbad
80.5,4.8,11659.81,271.89,0.7,0.83,0.1,1114,0.94,1,Bihar,Gaya
172.5,4.6,7783.3,112.14,1.7,0.83,0.06,124,0.83,2,Bihar,Gaya
334.4,23.1,133.75,13.28,2.6,0.31,0.29,68,0.87,2,Jharkhand,Ranchi
266.1,13.4,374.06,166.7,0.7,0.43,0.31,816,0.87,1,Jharkhand,Jamshedpur
47.7,6.1,15032.05,133.76,3.4,0.85,0.09,502,0.84,2,Bihar,Patna
213.6,19.0,301.7,255.84,0.3,0.59,0.22,526,0.47,0,Jharkhand,Hazaribagh
302.7,17.0,11.04,92.77,1.6,0.37,0.16,91,0.3,1,Jharkhand,Hazaribagh
350.6,24.3,5369.26,287.52,1.0,0.33,0.27,96,0.54,1,Jharkhand,Dhanbad
116.3,13.2,24680.08,136.06,3.7,0.75,0.08,273,0.65,2,Bihar,Begusarai
376.9,27.9,3472.16,374.5,1.1,0.55,0.15,809,0.87,1,Jharkhand,Jamshedpur
171.0,1.1,5472.49,410.52,1.7,0.83,0.04,453,0.92,1,Bihar,Gaya
375.1,20.1,1064.36,154.9,2.3,0.49,0.33,730,0.69,1,Jharkhand,Jamshedpur
184.7,12.9,2031.54,67.05,0.7,0.46,0.32,3792,0.74,1,Jharkhand,Hazaribagh
323.7,23.3,1019.55,238.3,0.4,0.54,0.19,502,0.85,1,Jharkhand,Ranchi
166.8,19.7,161.58,763.79,1.3,0.56,0.27,205,0.63,0,Jharkhand,Ranchi
262.5,24.5,4408.23,569.77,0.5,0.41,0.16,399,0.31,0,Jharkhand,Dhanbad
277.9,14.1,2870.19,415.09,0.3,0.4,0.25,381,0.87,0,Jharkhand,Dhanbad
95.6,12.0,9391.15,181.26,1.0,0.87,0.1,410,0.81,1,Bihar,Begusarai
58.5,14.6,3795.5,51.88,4.9,0.72,0.06,1299,0.65,2,Bihar,Patna
97.2,5.0,696.58,31.81,2.7,0.77,0.07,321,0.93,2,Bihar,Muzaffarpur
398.7,23.6,328.77,36.93,1.9,0.59,0.3,3133,0.32,2,Jharkhand,Jamshedpur
120.5,2.9,2201.72,56.71,4.3,0.84,0.05,354,0.93,2,Bihar,Bhagalpur
70.0,12.5,4373.16,157.42,1.2,0.73,0.13,116,1.0,1,Bihar,Patna
154.9,4.9,3094.33,78.85,4.1,0.73,0.13,620,0.89,2,Bihar,Bhagalpur
183.1,24.8,1226.7,365.64,1.2,0.52,0.26,47,0.32,0,Jharkhand,Dhanbad
266.7,10.9,1438.58,1397.43,2.9,0.53,0.25,288,0.36,0,Jharkhand,Jamshedpur
280.6,24.1,5020.07,232.8,1.9,0.52,0.33,487,0.52,1,Jharkhand,Hazaribagh
300.5,24.8,11105.36,657.18,1.5,0.3,0.28,283,0.34,1,Jharkhand,Dhanbad
228.0,16.4,498.84,12.51,2.9,0.53,0.34,24,0.74,1,Jharkhand,Dhanbad
52.9,4.8,1633.92,88.86,4.1,0.89,0.03,3064,0.68,2,Bihar,Muzaffarpur
357.1,17.4,3593.28,5.77,2.3,0.34,0.3,1172,0.74,2,Jharkhand,Hazaribagh
341.5,31.1,1337.41,380.36,0.4,0.42,0.23,54,0.35,0,Jharkhand,Ranchi
137.5,8.9,532.03,239.3,0.5,0.84,0.04,922,0.95,1,Bihar,Begusarai
269.6,13.6,474.26,495.3,2.1,0.42,0.21,132,0.82,1,Jharkhand,Jamshedpur
33.7,9.0,1237.65,369.32,3.0,0.74,0.08,712,0.61,1,Bihar,Begusarai
152.4,13.1,4044.56,121.01,4.2,0.81,0.09,133,0.85,2,Bihar,Bhagalpur
54.3,11.7,1672.29,63.33,2.7,0.83,0.04,690,0.65,2,Bihar,Patna
30.0,7.9,6137.51,9.6,1.7,0.87,0.03,141,0.63,2,Bihar,Bhagalpur
188.3,12.5,10070.07,27.84,3.0,0.88,0.14,274,0.83,2,Bihar,Gaya
384.1,26.9,1663.11,49.33,0.3,0.55,0.29,119,0.86,1,Jharkhand,Jamshedpur
178.8,3.2,5636.73,65.27,1.1,0.75,0.09,503,0.98,1,Bihar,Gaya
47.8,7.7,3231.01,97.27,4.4,0.83,0.12,1,0.64,2,Bihar,Muzaffarpur
61.6,8.5,2319.4,107.5,3.7,0.85,0.11,795,0.95,2,Bihar,Bhagalpur
36.1,6.2,6679.84,534.17,1.1,0.71,0.11,315,0.99,1,Bihar,Gaya
44.5,1.1,7616.65,219.84,4.2,0.72,0.11,138,0.82,2,Bihar,Patna
359.6,27.7,2665.13,1189.17,0.3,0.57,0.2,1032,0.5,0,Jharkhand,Jamshedpur
37.1,6.3,1554.77,287.36,2.5,0.73,0.13,428,0.69,1,Bihar,Patna
245.6,19.2,807.23,80.23,1.4,0.52,0.19,821,0.51,1,Jharkhand,Dhanbad
292.0,26.6,2251.43,317.97,2.7,0.55,0.27,275,0.63,1,Jharkhand,Jamshedpur
81.5,1.5,3308.99,51.82,1.6,0.79,0.04,1582,0.9,2,Bihar,Begusarai
120.2,9.9,7501.3,206.9,3.0,0.85,0.1,1132,0.68,2,Bihar,Gaya
83.6,4.5,11844.74,799.66,2.9,0.83,0.13,1472,0.67,1,Bihar,Muzaffarpur
331.2,23.5,2342.99,25.02,2.1,0.45,0.2,36,0.86,2,Jharkhand,Jamshedpur
81.3,11.5,16391.83,87.47,4.8,0.89,0.12,395,0.85,2,Bihar,Muzaffarpur
264.6,24.0,4559.2,797.93,1.5,0.34,0.35,599,0.7,1,Jharkhand,Ranchi
142.0,2.1,2610.06,202.42,2.7,0.8,0.06,307,0.98,1,Bihar,Patna
194.0,15.3,3536.77,5.25,0.2,0.41,0.29,402,0.74,1,Jharkhand,Dhanbad
391.8,19.8,742.13,770.27,2.4,0.44,0.31,2578,0.44,1,Jharkhand,Hazaribagh
363.8,25.1,946.37,721.71,2.4,0.54,0.16,1320,0.63,1,Jharkhand,Hazaribagh
278.7,30.2,1030.89,117.12,0.9,0.3,0.33,133,0.84,1,Jharkhand,Hazaribagh
192.3,7.7,5045.37,143.78,2.7,0.71,0.04,293,0.64,1,Bihar,Begusarai
305.5,34.8,1074.35,195.31,1.8,0.57,0.33,2931,0.81,2,Jharkhand,Hazaribagh
172.8,11.4,801.89,51.93,4.8,0.74,0.08,634,0.87,2,Bihar,Muzaffarpur
256.9,18.2,1124.6,732.18,0.6,0.55,0.23,1152,0.84,1,Jharkhand,Dhanbad
181.1,8.4,1752.72,45.75,1.6,0.71,0.11,226,0.84,2,Bihar,Muzaffarpur
369.9,21.5,97.63,39.95,2.5,0.53,0.22,1393,0.74,2,Jharkhand,Dhanbad
265.8,11.1,994.58,137.01,2.8,0.46,0.27,50,0.63,1,Jharkhand,Ranchi
330.8,15.0,1150.66,91.05,0.2,0.32,0.19,296,0.83,1,Jharkhand,Ranchi
156.1,12.8,1967.4,109.85,1.9,0.86,0.05,231,0.89,1,Bihar,Patna
197.4,11.4,5408.99,99.91,3.2,0.81,0.12,91,0.63,2,Bihar,Patna
75.7,9.6,14900.14,131.5,2.1,0.73,0.1,758,0.85,2,Bihar,Bhagalpur
59.3,14.6,993.45,119.14,1.2,0.86,0.04,66,0.64,1,Bihar,Bhagalpur
76.6,12.2,2044.43,43.44,2.1,0.87,0.11,649,0.99,2,Bihar,Bhagalpur
191.0,7.7,7713.7,95.77,1.2,0.78,0.03,913,0.89,2,Bihar,Gaya
325.9,34.3,2440.69,230.26,0.9,0.46,0.34,42,0.79,1,Jharkhand,Hazaribagh
152.1,13.0,4022.71,39.51,4.1,0.73,0.13,85,0.76,2,Bihar,Gaya
222.5,31.8,576.61,446.75,2.4,0.47,0.32,1892,0.67,1,Jharkhand,Jamshedpur
318.5,11.3,732.81,318.39,1.0,0.49,0.22,1055,0.51,1,Jharkhand,Jamshedpur
167.1,29.6,2313.19,134.61,1.4,0.32,0.22,2312,0.5,1,Jharkhand,Ranchi
144.2,9.7,6950.3,44.38,2.4,0.76,0.06,282,0.64,2,Bihar,Patna
106.5,14.7,19306.06,21.77,3.0,0.74,0.1,114,0.82,2,Bihar,Muzaffarpur
42.6,9.3,4980.74,145.46,3.8,0.84,0.05,452,0.82,2,Bihar,Patna
187.3,1.5,3062.65,112.56,3.6,0.81,0.11,608,0.64,1,Bihar,Gaya
290.9,21.3,1492.07,445.97,1.8,0.3,0.18,99,0.45,1,Jharkhand,Dhanbad
134.1,3.6,7398.65,559.56,0.5,0.77,0.04,493,0.85,1,Bihar,Muzaffarpur
189.2,8.4,6468.14,561.52,1.5,0.85,0.06,546,0.85,1,Bihar,Patna
335.7,18.2,3292.09,883.12,0.4,0.55,0.25,461,0.82,0,Jharkhand,Hazaribagh
134.3,9.7,479.2,55.42,3.7,0.88,0.12,6,0.68,2,Bihar,Patna
66.4,4.4,3071.13,56.89,0.8,0.82,0.11,42,0.89,1,Bihar,Bhagalpur
359.6,30.1,1571.64,692.61,2.8,0.49,0.3,1071,0.42,1,Jharkhand,Dhanbad
167.1,19.3,1545.82,1014.14,1.8,0.41,0.33,878,0.46,1,Jharkhand,Jamshedpur
263.6,25.8,1115.84,114.21,2.2,0.49,0.34,52,0.57,1,Jharkhand,Dhanbad
223.1,21.1,1396.85,8.86,1.0,0.45,0.34,89,0.33,1,Jharkhand,Dhanbad
99.6,10.0,874.52,60.28,1.2,0.74,0.11,1067,0.63,1,Bihar,Begusarai
105.9,12.2,2928.7,1.6,4.7,0.75,0.12,39,0.82,2,Bihar,Patna
357.0,15.4,2000.52,662.87,2.4,0.38,0.2,306,0.52,1,Jharkhand,Ranchi
43.2,12.5,7911.2,85.82,2.8,0.77,0.09,267,0.95,2,Bihar,Bhagalpur
57.3,10.3,1304.22,39.51,3.6,0.73,0.03,634,0.65,2,Bihar,Bhagalpur
278.7,14.0,362.44,34.9,0.3,0.37,0.22,89,0.83,1,Jharkhand,Jamshedpur
279.8,25.2,991.98,112.6,0.4,0.37,0.34,766,0.44,0,Jharkhand,Hazaribagh
100.7,6.7,6055.76,155.7,3.6,0.8,0.08,1022,0.67,2,Bihar,Bhagalpur
283.1,12.9,822.58,372.19,0.5,0.51,0.19,397,0.39,0,Jharkhand,Ranchi
64.7,7.9,7869.34,108.69,0.6,0.79,0.1,495,0.63,1,Bihar,Begusarai
213.3,10.2,3617.21,514.14,1.7,0.55,0.25,324,0.79,1,Jharkhand,Hazaribagh
61.2,12.9,393.59,428.37,2.6,0.86,0.14,113,0.76,1,Bihar,Gaya
369.3,19.7,137.77,312.15,2.9,0.32,0.23,1302,0.69,1,Jharkhand,Jamshedpur
199.5,8.6,2157.92,77.47,1.5,0.71,0.07,312,0.75,1,Bihar,Patna
314.2,27.7,2167.55,3.36,0.8,0.3,0.31,1185,0.59,2,Jharkhand,Dhanbad
128.8,6.7,2155.48,158.83,2.8,0.85,0.03,116,0.87,1,Bihar,Bhagalpur
246.7,26.6,345.56,170.45,1.3,0.48,0.24,1190,0.45,1,Jharkhand,Ranchi
285.4,29.0,2495.0,146.64,1.4,0.48,0.19,732,0.53,1,Jharkhand,Ranchi
367.2,28.1,1757.35,547.78,1.8,0.43,0.24,2545,0.38,1,Jharkhand,Hazaribagh
74.9,14.1,1570.21,202.33,2.0,0.84,0.06,452,0.68,1,Bihar,Bhagalpur
315.5,30.4,415.83,602.08,2.3,0.51,0.22,452,0.35,1,Jharkhand,Hazaribagh
74.1,1.0,4074.73,422.7,1.6,0.83,0.07,1140,0.62,1,Bihar,Gaya
104.2,10.2,8375.58,19.82,3.9,0.89,0.13,1167,0.88,2,Bihar,Gaya
167.1,12.9,205.94,1208.83,1.6,0.73,0.03,223,0.76,1,Bihar,Begusarai
32.3,1.7,86.49,74.85,0.6,0.84,0.07,71,0.97,1,Bihar,Begusarai
151.3,33.5,990.54,214.33,1.3,0.49,0.3,901,0.34,1,Jharkhand,Dhanbad
128.4,8.8,2321.98,405.61,2.2,0.83,0.09,292,0.85,1,Bihar,Begusarai
365.3,21.5,5959.75,1124.91,1.6,0.41,0.32,93,0.8,1,Jharkhand,Jamshedpur
137.4,1.3,361.78,206.71,4.9,0.85,0.13,267,0.82,2,Bihar,Gaya
160.6,24.5,125.04,241.26,2.9,0.31,0.18,483,0.71,1,Jharkhand,Jamshedpur
321.4,32.8,4267.64,407.59,2.9,0.55,0.28,65,0.65,1,Jharkhand,Hazaribagh
90.3,1.3,441.78,6.45,2.4,0.88,0.14,538,0.84,2,Bihar,Patna
196.0,10.4,10796.03,94.14,4.1,0.74,0.06,587,0.65,2,Bihar,Gaya
109.1,12.8,346.84,12.89,2.0,0.86,0.13,1390,0.99,2,Bihar,Bhagalpur
164.2,6.5,284.03,36.81,2.6,0.71,0.08,377,0.98,2,Bihar,Begusarai
194.5,6.9,1974.51,65.25,4.1,0.75,0.05,148,0.72,2,Bihar,Bhagalpur
144.6,1.4,794.52,47.27,4.1,0.87,0.05,43,0.74,2,Bihar,Patna
225.6,24.1,1738.33,651.46,0.6,0.34,0.27,255,0.6,0,Jharkhand,Dhanbad
170.6,21.5,117.33,146.38,2.5,0.44,0.3,683,0.55,1,Jharkhand,Dhanbad
162.1,13.0,9166.29,75.34,2.9,0.88,0.07,108,1.0,2,Bihar,Patna
335.4,22.3,896.97,264.02,2.5,0.42,0.22,484,0.82,1,Jharkhand,Ranchi
181.3,12.4,3596.4,142.73,3.8,0.78,0.15,1346,0.95,2,Bihar,Gaya
54.0,8.8,1234.04,40.98,1.8,0.87,0.06,1309,0.67,2,Bihar,Begusarai
292.8,13.6,915.8,187.71,2.4,0.47,0.32,1271,0.35,1,Jharkhand,Dhanbad
318.2,15.5,574.48,98.47,2.6,0.3,0.32,1258,0.46,1,Jharkhand,Jamshedpur
337.6,13.8,196.94,245.23,1.2,0.58,0.16,275,0.59,1,Jharkhand,Jamshedpur
209.5,32.7,2859.04,252.5,1.5,0.45,0.24,726,0.39,1,Jharkhand,Dhanbad
160.8,6.3,154.69,351.53,1.3,0.77,0.09,477,0.68,0,Bihar,Gaya
116.7,7.8,4005.44,10.31,0.7,0.87,0.05,12,0.78,1,Bihar,Patna
209.4,11.2,1874.62,515.81,0.5,0.35,0.23,1293,0.47,0,Jharkhand,Jamshedpur
337.7,13.1,2262.64,592.72,0.9,0.58,0.23,54,0.64,0,Jharkhand,Dhanbad
170.6,8.1,2116.24,298.55,1.6,0.89,0.11,1353,0.61,1,Bihar,Gaya
302.9,27.0,5881.03,152.83,2.6,0.52,0.21,264,0.83,2,Jharkhand,Dhanbad
152.6,27.9,9232.23,490.01,1.9,0.4,0.17,467,0.49,1,Jharkhand,Ranchi
88.4,12.6,2330.13,548.17,1.3,0.71,0.04,88,0.97,1,Bihar,Muzaffarpur
187.6,34.2,566.47,236.75,1.6,0.5,0.3,1121,0.58,2,Jharkhand,Dhanbad
376.1,30.4,13.8,565.96,0.4,0.5,0.23,411,0.43,0,Jharkhand,Dhanbad
182.2,13.7,1584.75,75.34,3.6,0.74,0.07,281,0.68,2,Bihar,Muzaffarpur
50.4,11.2,3394.44,151.62,1.8,0.82,0.08,89,0.72,1,Bihar,Patna
122.9,13.6,5374.4,84.31,3.8,0.86,0.1,535,0.97,2,Bihar,Muzaffarpur
125.3,14.2,7570.37,17.27,1.6,0.72,0.07,48,0.64,2,Bihar,Muzaffarpur
206.6,32.4,1919.15,612.07,2.2,0.37,0.32,1246,0.82,2,Jharkhand,Ranchi
290.3,16.2,64.59,220.35,2.4,0.37,0.18,98,0.77,1,Jharkhand,Dhanbad
119.0,3.7,741.83,909.98,3.1,0.88,0.12,39,0.88,1,Bihar,Patna
165.0,2.8,848.23,10.63,3.0,0.77,0.14,416,0.93,2,Bihar,Gaya
184.9,24.4,645.26,574.0,2.4,0.31,0.29,63,0.42,1,Jharkhand,Dhanbad
132.3,14.1,5308.9,74.74,1.6,0.77,0.14,931,0.85,2,Bihar,Bhagalpur
49.8,9.4,399.56,557.69,3.5,0.81,0.08,896,0.74,2,Bihar,Patna
303.0,19.3,876.69,117.93,0.5,0.5,0.28,58,0.55,0,Jharkhand,Jamshedpur
124.6,0.9,1242.88,475.57,1.2,0.84,0.04,191,0.81,1,Bihar,Patna
74.6,5.0,3123.83,362.19,0.7,0.76,0.06,47,0.75,0,Bihar,Begusarai
160.8,29.5,4481.0,203.15,1.4,0.3,0.34,216,0.69,1,Jharkhand,Hazaribagh
342.0,22.5,1585.81,227.5,0.9,0.57,0.19,1725,0.46,1,Jharkhand,Jamshedpur
170.8,10.8,1332.19,238.6,2.0,0.87,0.13,290,0.68,1,Bihar,Begusarai
95.0,9.5,30209.21,121.17,4.0,0.79,0.08,181,0.68,2,Bihar,Patna
135.9,3.7,2699.5,73.41,3.0,0.73,0.08,707,0.66,1,Bihar,Muzaffarpur
171.0,19.8,2167.75,42.25,0.2,0.35,0.2,19,0.66,1,Jharkhand,Hazaribagh
81.8,4.3,182.96,65.67,1.7,0.74,0.08,4,0.97,2,Bihar,Gaya
154.3,14.2,1424.25,304.3,1.9,0.77,0.1,3,0.88,1,Bihar,Gaya
283.8,24.2,1439.73,556.85,0.6,0.33,0.23,142,0.42,0,Jharkhand,Dhanbad
84.0,4.3,1073.7,18.33,0.9,0.83,0.06,164,0.62,1,Bihar,Gaya
315.7,31.8,1324.81,569.33,2.2,0.47,0.19,187,0.72,1,Jharkhand,Hazaribagh
184.8,8.4,2618.84,264.78,2.1,0.73,0.13,439,0.65,1,Bihar,Begusarai
62.9,9.8,11301.94,60.17,4.5,0.75,0.08,137,0.72,2,Bihar,Muzaffarpur
54.0,8.4,5341.18,22.32,0.7,0.72,0.03,2290,0.81,2,Bihar,Bhagalpur
105.6,7.8,2167.82,24.95,1.3,0.8,0.11,2105,0.9,2,Bihar,Muzaffarpur
258.6,21.2,1389.14,385.74,2.1,0.31,0.24,261,0.69,1,Jharkhand,Hazaribagh
162.5,0.7,11032.44,341.17,0.7,0.76,0.06,724,1.0,1,Bihar,Gaya
366.4,12.6,2240.73,53.85,2.9,0.4,0.29,721,0.81,2,Jharkhand,Hazaribagh
320.6,24.4,2927.05,224.19,1.0,0.51,0.2,785,0.44,1,Jharkhand,Ranchi
72.7,9.9,6042.97,47.74,1.0,0.9,0.05,450,0.65,2,Bihar,Muzaffarpur
181.6,10.7,3690.52,389.92,2.5,0.53,0.28,1030,0.59,1,Jharkhand,Jamshedpur
308.4,30.1,1793.06,202.92,2.5,0.31,0.22,632,0.4,1,Jharkhand,Dhanbad
51.7,12.1,9539.03,397.57,1.2,0.85,0.12,2593,1.0,2,Bihar,Muzaffarpur
227.0,30.9,585.08,381.27,1.8,0.32,0.33,315,0.75,1,Jharkhand,Ranchi
85.0,10.1,722.68,162.65,2.0,0.87,0.14,524,0.64,1,Bihar,Patna
98.3,11.1,0.15,302.66,1.0,0.77,0.06,6,0.88,1,Bihar,Begusarai
192.8,8.7,3980.03,144.5,0.9,0.82,0.08,137,0.75,1,Bihar,Gaya
83.5,1.9,2935.87,38.93,4.9,0.87,0.15,436,0.81,2,Bihar,Bhagalpur
111.0,5.1,4486.14,134.29,4.4,0.77,0.12,549,0.88,2,Bihar,Muzaffarpur
293.2,16.4,10474.13,652.05,1.4,0.53,0.28,1167,0.36,1,Jharkhand,Jamshedpur
273.0,29.9,1601.69,105.87,0.8,0.38,0.21,260,0.61,1,Jharkhand,Jamshedpur
140.8,12.6,345.11,741.6,2.6,0.76,0.14,370,0.62,1,Bihar,Patna
82.3,9.4,4374.91,456.43,4.1,0.77,0.11,313,0.89,1,Bihar,Patna
149.3,8.6,105.78,88.83,4.6,0.71,0.12,605,0.73,2,Bihar,Patna
144.9,6.2,2657.52,282.33,2.5,0.75,0.04,439,0.97,1,Bihar,Patna
94.2,1.4,883.23,82.89,2.8,0.9,0.08,219,0.86,2,Bihar,Bhagalpur
49.6,13.3,5389.5,107.17,2.2,0.83,0.04,840,0.78,2,Bihar,Gaya
312.2,33.9,1841.64,65.68,1.5,0.42,0.22,108,0.65,2,Jharkhand,Dhanbad
57.7,11.1,4018.9,46.85,0.8,0.87,0.1,211,0.84,1,Bihar,Patna
121.8,1.6,2523.49,166.87,4.6,0.73,0.05,283,0.72,1,Bihar,Patna
170.2,33.5,3525.63,562.82,1.8,0.44,0.28,1411,0.35,1,Jharkhand,Ranchi
219.3,33.5,7076.8,53.11,2.7,0.52,0.16,415,0.41,2,Jharkhand,Hazaribagh
128.7,14.1,8295.11,223.1,2.7,0.7,0.15,45,0.98,2,Bihar,Muzaffarpur
77.7,2.4,2397.86,115.91,3.4,0.82,0.14,241,0.62,2,Bihar,Gaya
105.2,1.2,4433.67,343.5,4.2,0.86,0.1,874,0.74,1,Bihar,Muzaffarpur
346.1,25.0,1557.91,213.87,2.9,0.37,0.28,678,0.66,1,Jharkhand,Hazaribagh
132.7,11.6,5490.89,148.22,1.5,0.79,0.05,101,0.63,1,Bihar,Gaya
246.7,11.3,1320.56,202.86,1.6,0.55,0.18,563,0.53,1,Jharkhand,Ranchi
42.1,8.8,4080.8,166.95,4.5,0.71,0.04,22,0.98,2,Bihar,Begusarai
139.7,1.2,1759.24,583.65,4.3,0.73,0.05,65,0.63,1,Bihar,Bhagalpur
211.5,19.0,5951.1,1822.76,2.1,0.41,0.26,63,0.39,0,Jharkhand,Hazaribagh
317.6,26.0,1073.8,211.59,1.6,0.4,0.19,82,0.31,1,Jharkhand,Dhanbad
131.9,11.1,1351.99,75.77,2.3,0.74,0.13,565,0.64,1,Bihar,Muzaffarpur
110.8,13.9,2153.44,15.1,1.8,0.9,0.06,1036,0.91,2,Bihar,Gaya
206.2,20.0,399.08,210.83,2.9,0.4,0.3,435,0.78,1,Jharkhand,Ranchi
171.5,12.2,5889.1,402.62,0.8,0.78,0.1,257,0.66,0,Bihar,Bhagalpur
199.4,2.5,713.64,225.07,2.3,0.89,0.14,1187,0.66,1,Bihar,Patna
65.4,5.7,2709.77,221.26,2.7,0.82,0.1,88,0.74,1,Bihar,Bhagalpur
126.9,3.5,2191.22,271.17,0.6,0.81,0.06,593,0.91,0,Bihar,Begusarai
165.4,11.2,714.63,188.38,2.7,0.78,0.1,360,0.7,1,Bihar,Bhagalpur
31.1,7.7,121.19,67.27,3.8,0.89,0.05,318,0.83,2,Bihar,Muzaffarpur
306.4,23.8,4537.81,209.27,1.7,0.31,0.32,688,0.42,1,Jharkhand,Dhanbad
136.6,12.2,1476.85,189.17,1.8,0.73,0.05,781,0.73,1,Bihar,Muzaffarpur
259.0,24.9,3562.12,356.3,0.4,0.52,0.3,1003,0.41,0,Jharkhand,Hazaribagh
153.7,19.0,3982.57,371.39,1.3,0.39,0.2,323,0.49,0,Jharkhand,Jamshedpur
150.2,10.1,8466.25,329.76,4.5,0.85,0.06,71,0.61,1,Bihar,Patna
53.4,0.5,1175.17,467.07,0.6,0.77,0.14,20,0.77,0,Bihar,Bhagalpur
145.7,14.0,437.19,193.71,4.1,0.77,0.14,82,0.75,1,Bihar,Muzaffarpur
85.9,1.3,2794.69,40.29,4.8,0.85,0.07,79,0.85,2,Bihar,Muzaffarpur
156.7,3.9,1107.17,103.95,1.7,0.88,0.07,695,0.91,1,Bihar,Patna
173.8,3.2,2071.83,626.04,2.2,0.8,0.04,142,0.62,1,Bihar,Begusarai
352.2,31.9,3893.05,144.08,2.6,0.34,0.29,2320,0.76,2,Jharkhand,Jamshedpur
39.1,10.2,1826.76,52.61,1.6,0.74,0.03,294,0.63,2,Bihar,Bhagalpur
320.7,15.9,683.41,1149.93,2.6,0.54,0.35,728,0.77,1,Jharkhand,Ranchi
311.7,25.6,3927.65,406.83,1.1,0.37,0.17,173,0.88,1,Jharkhand,Jamshedpur
145.0,9.7,1839.94,102.76,3.1,0.86,0.15,1347,0.79,2,Bihar,Begusarai
172.6,10.2,10571.39,238.82,2.1,0.72,0.08,1087,0.89,2,Bihar,Begusarai
145.5,9.7,14241.58,63.1,1.6,0.86,0.08,74,0.72,2,Bihar,Begusarai
286.1,34.4,843.47,184.27,1.2,0.43,0.33,563,0.61,1,Jharkhand,Jamshedpur
53.5,14.7,5440.53,57.53,0.8,0.78,0.08,768,0.84,2,Bihar,Bhagalpur
169.4,9.9,1482.92,108.59,2.6,0.8,0.07,453,0.9,1,Bihar,Gaya
104.0,13.9,1142.3,84.63,0.7,0.74,0.03,1232,0.77,1,Bihar,Bhagalpur
335.6,14.2,2574.92,51.3,0.4,0.43,0.17,574,0.86,1,Jharkhand,Hazaribagh
243.7,25.5,72.48,507.36,0.5,0.37,0.16,168,0.9,1,Jharkhand,Dhanbad
248.0,30.1,2251.47,166.96,1.4,0.56,0.32,7,0.61,1,Jharkhand,Ranchi
265.2,34.7,2809.48,264.06,3.0,0.46,0.35,1558,0.45,1,Jharkhand,Hazaribagh
150.1,5.5,1337.79,1.4,2.3,0.77,0.13,0,0.93,2,Bihar,Gaya
53.3,8.3,316.96,40.89,2.4,0.77,0.08,1897,0.69,2,Bihar,Bhagalpur
334.4,23.4,2468.17,733.03,1.2,0.39,0.28,1487,0.9,1,Jharkhand,Ranchi
329.5,17.1,2861.63,157.98,0.3,0.56,0.17,150,0.33,0,Jharkhand,Hazaribagh
155.4,2.5,1193.1,115.99,2.7,0.87,0.09,7,0.65,1,Bihar,Begusarai
133.0,7.8,7023.04,421.43,4.8,0.82,0.11,108,0.78,1,Bihar,Patna
171.1,10.0,629.08,105.94,3.5,0.86,0.06,102,0.76,1,Bihar,Gaya
65.7,4.3,6013.14,698.77,3.8,0.72,0.11,350,0.94,2,Bihar,Muzaffarpur
277.0,25.5,2921.78,259.84,1.5,0.49,0.24,605,0.68,1,Jharkhand,Ranchi
170.4,10.6,4126.13,515.6,4.2,0.89,0.1,870,0.87,2,Bihar,Begusarai
288.0,16.0,2144.52,222.05,2.9,0.58,0.27,597,0.64,1,Jharkhand,Jamshedpur
328.2,14.8,950.35,254.94,1.5,0.42,0.19,425,0.61,1,Jharkhand,Dhanbad
293.9,31.3,182.19,516.81,1.2,0.46,0.19,628,0.42,0,Jharkhand,Dhanbad
362.2,19.9,839.65,112.71,2.5,0.47,0.27,1003,0.37,1,Jharkhand,Ranchi
105.4,4.6,6525.78,16.88,4.4,0.82,0.05,1104,0.72,2,Bihar,Gaya
191.9,11.2,254.39,181.98,4.5,0.79,0.06,681,0.7,1,Bihar,Patna
255.9,18.6,1342.96,1303.37,1.4,0.57,0.26,1148,0.51,1,Jharkhand,Hazaribagh
103.7,12.8,14150.44,90.28,4.1,0.85,0.13,932,0.85,2,Bihar,Begusarai
162.8,20.0,2764.31,448.04,1.5,0.49,0.19,1107,0.51,1,Jharkhand,Ranchi
64.7,4.7,1216.93,276.15,2.7,0.84,0.14,278,0.99,1,Bihar,Muzaffarpur
374.5,23.1,1183.81,491.41,0.9,0.36,0.15,32,0.37,0,Jharkhand,Ranchi
142.8,12.7,6511.91,160.0,1.2,0.85,0.12,1852,0.84,2,Bihar,Gaya
235.4,26.2,254.26,28.36,2.7,0.54,0.27,400,0.5,1,Jharkhand,Dhanbad
87.8,13.1,9404.52,18.45,4.0,0.79,0.05,613,0.67,2,Bihar,Begusarai
138.0,3.3,1943.54,47.59,0.7,0.87,0.11,285,0.82,1,Bihar,Bhagalpur
329.8,33.3,108.55,299.96,0.9,0.34,0.21,608,0.74,1,Jharkhand,Dhanbad
300.1,14.2,7001.08,191.04,1.9,0.58,0.3,716,0.74,1,Jharkhand,Dhanbad
316.7,25.6,1504.34,368.99,1.6,0.46,0.19,1308,0.5,1,Jharkhand,Ranchi
171.2,20.9,648.01,429.54,1.4,0.4,0.34,2047,0.63,1,Jharkhand,Jamshedpur
85.7,11.2,2049.8,7.48,2.6,0.7,0.1,674,0.97,2,Bihar,Bhagalpur
171.4,34.3,539.97,291.93,1.9,0.43,0.16,89,0.59,1,Jharkhand,Dhanbad
210.0,14.9,127.9,281.21,2.4,0.34,0.16,43,0.65,1,Jharkhand,Jamshedpur
179.5,11.1,608.73,230.43,2.6,0.31,0.24,689,0.55,1,Jharkhand,Dhanbad
233.1,17.9,209.6,45.1,1.2,0.59,0.34,1602,0.76,1,Jharkhand,Hazaribagh
149.1,4.6,3289.07,199.27,2.6,0.76,0.07,1292,0.9,2,Bihar,Gaya
112.6,13.7,1436.71,188.51,3.0,0.87,0.1,361,0.74,1,Bihar,Bhagalpur
154.0,34.1,166.14,189.27,1.9,0.58,0.27,107,0.71,1,Jharkhand,Hazaribagh
341.6,20.2,4590.2,847.56,2.0,0.34,0.21,180,0.67,1,Jharkhand,Hazaribagh
145.0,4.9,3213.77,40.68,3.9,0.82,0.03,197,0.69,2,Bihar,Patna
187.0,34.6,455.14,93.83,0.6,0.43,0.26,16,0.76,1,Jharkhand,Ranchi
105.8,12.3,3864.88,432.98,0.9,0.78,0.13,71,0.97,1,Bihar,Patna
337.9,33.5,5567.09,451.57,1.2,0.4,0.29,1159,0.47,1,Jharkhand,Hazaribagh
201.2,29.9,979.51,536.6,0.4,0.39,0.35,823,0.47,0,Jharkhand,Dhanbad
394.2,19.4,4073.28,647.47,1.4,0.58,0.19,315,0.41,0,Jharkhand,Jamshedpur
113.2,2.4,12905.52,55.56,1.8,0.76,0.07,544,0.69,2,Bihar,Patna
39.8,9.0,4554.13,431.43,1.2,0.78,0.11,264,0.87,1,Bihar,Begusarai
188.8,2.4,6938.09,319.3,2.8,0.8,0.13,314,0.72,1,Bihar,Muzaffarpur
284.0,27.9,698.96,234.48,2.8,0.53,0.29,1593,0.59,2,Jharkhand,Jamshedpur
256.7,12.8,4143.16,12.36,2.2,0.35,0.16,1383,0.43,1,Jharkhand,Dhanbad
250.4,22.6,1909.36,731.67,2.0,0.45,0.29,2897,0.41,1,Jharkhand,Ranchi
152.4,11.9,14.34,188.55,2.5,0.4,0.16,478,0.57,1,Jharkhand,Dhanbad
238.0,27.6,6509.76,294.88,0.5,0.53,0.17,38,0.68,1,Jharkhand,Hazaribagh
197.2,20.4,685.7,1098.46,1.5,0.33,0.27,672,0.64,1,Jharkhand,Ranchi
197.7,4.1,7690.0,142.53,4.6,0.89,0.04,1336,0.79,2,Bihar,Bhagalpur
286.8,32.3,784.1,121.92,1.5,0.55,0.29,708,0.87,2,Jharkhand,Jamshedpur
248.1,21.2,132.07,523.74,1.2,0.33,0.32,511,0.34,0,Jharkhand,Ranchi
248.2,16.5,1962.81,170.59,2.4,0.5,0.26,753,0.86,1,Jharkhand,Dhanbad
164.0,0.8,6905.51,152.77,3.6,0.87,0.14,135,0.69,2,Bihar,Patna
46.5,1.3,9322.05,27.67,0.8,0.75,0.04,175,0.62,1,Bihar,Patna
317.0,13.3,27.51,763.8,2.5,0.31,0.2,26,0.84,1,Jharkhand,Ranchi
278.5,29.9,415.29,164.98,2.2,0.37,0.18,164,0.75,1,Jharkhand,Ranchi
117.2,12.7,5311.59,16.59,3.7,0.75,0.08,1300,0.95,2,Bihar,Patna
247.2,13.3,2532.89,121.79,1.8,0.48,0.26,577,0.37,1,Jharkhand,Dhanbad
359.4,18.1,379.96,879.33,0.6,0.34,0.2,90,0.46,0,Jharkhand,Jamshedpur
90.1,5.1,1067.56,135.07,1.9,0.89,0.08,294,0.72,1,Bihar,Bhagalpur
395.8,16.0,1869.54,457.38,2.2,0.5,0.16,725,0.35,0,Jharkhand,Jamshedpur
202.7,31.0,1233.59,12.33,2.6,0.34,0.34,60,0.43,1,Jharkhand,Dhanbad
237.0,25.5,684.21,314.81,0.6,0.36,0.23,974,0.44,0,Jharkhand,Ranchi
92.3,6.2,8050.63,749.78,4.8,0.71,0.07,155,0.7,1,Bihar,Gaya
344.4,31.5,2324.6,745.38,1.2,0.32,0.29,7,0.49,0,Jharkhand,Ranchi
232.3,27.3,3338.66,581.39,1.1,0.43,0.3,944,0.48,1,Jharkhand,Hazaribagh
68.3,10.1,850.16,188.16,4.6,0.81,0.06,321,0.9,2,Bihar,Gaya
128.5,13.4,3656.82,168.47,3.3,0.75,0.09,185,0.62,1,Bihar,Muzaffarpur
84.9,4.2,13137.82,124.72,1.1,0.84,0.04,747,0.95,1,Bihar,Patna
341.9,12.8,1722.44,413.03,2.5,0.44,0.26,27,0.69,1,Jharkhand,Jamshedpur
170.4,20.9,286.39,138.49,1.7,0.54,0.18,88,0.71,1,Jharkhand,Hazaribagh
179.1,8.2,5242.77,125.94,1.0,0.87,0.11,39,0.95,1,Bihar,Muzaffarpur
162.3,16.4,972.45,58.32,0.9,0.48,0.32,991,0.87,2,Jharkhand,Ranchi
155.1,4.5,30314.29,203.84,2.0,0.76,0.14,12,0.71,1,Bihar,Begusarai
331.3,30.9,135.01,1466.68,2.9,0.49,0.28,109,0.79,1,Jharkhand,Dhanbad
197.0,13.7,2249.39,115.65,0.7,0.84,0.09,28,0.93,1,Bihar,Patna
267.3,33.2,1490.22,409.87,1.1,0.59,0.22,519,0.34,0,Jharkhand,Hazaribagh
320.6,26.6,758.63,502.56,1.0,0.5,0.16,728,0.38,0,Jharkhand,Hazaribagh
372.7,21.2,2221.97,245.96,0.4,0.37,0.23,1460,0.79,1,Jharkhand,Dhanbad
123.6,3.3,8588.11,21.49,4.6,0.71,0.13,288,0.9,2,Bihar,Bhagalpur
122.9,1.8,1032.6,282.65,3.1,0.74,0.04,443,0.68,1,Bihar,Gaya
154.4,11.2,791.24,340.17,2.5,0.48,0.2,21,0.51,1,Jharkhand,Ranchi
136.4,8.9,1152.62,270.71,3.5,0.73,0.05,563,0.74,1,Bihar,Bhagalpur
193.7,9.6,8379.25,40.69,1.0,0.82,0.12,607,0.83,2,Bihar,Begusarai
39.6,11.3,5114.47,380.56,1.8,0.89,0.03,433,0.73,1,Bihar,Muzaffarpur
151.1,3.1,12315.82,53.68,2.7,0.73,0.12,347,0.68,2,Bihar,Begusarai
186.7,26.1,2300.42,106.04,0.6,0.53,0.21,475,0.66,1,Jharkhand,Jamshedpur
197.3,4.7,4157.38,69.86,2.1,0.88,0.06,1130,0.7,2,Bihar,Gaya
184.2,2.9,14567.55,690.46,2.5,0.76,0.05,181,0.87,1,Bihar,Muzaffarpur
186.0,12.6,304.87,219.93,2.4,0.49,0.19,82,0.38,1,Jharkhand,Jamshedpur
380.9,30.5,1541.25,174.82,2.0,0.5,0.28,247,0.71,1,Jharkhand,Jamshedpur
263.9,32.3,9564.85,337.12,2.5,0.51,0.28,3127,0.4,1,Jharkhand,Hazaribagh
146.7,4.0,7586.56,320.45,1.0,0.78,0.11,281,0.96,1,Bihar,Muzaffarpur
82.8,11.6,960.53,550.33,4.7,0.85,0.06,34,0.95,1,Bihar,Patna
30.6,2.9,7835.79,86.01,1.9,0.76,0.08,50,0.87,2,Bihar,Bhagalpur
140.9,6.4,85.29,181.29,1.0,0.75,0.13,3669,0.96,1,Bihar,Begusarai
216.3,26.6,1397.83,1346.12,2.8,0.34,0.35,2667,0.78,1,Jharkhand,Ranchi
224.9,12.5,950.65,126.83,2.5,0.4,0.35,794,0.35,1,Jharkhand,Ranchi
58.3,14.8,363.22,343.91,1.8,0.72,0.1,1320,0.62,1,Bihar,Begusarai
360.7,21.1,382.23,493.2,2.2,0.49,0.16,358,0.52,1,Jharkhand,Ranchi
199.4,7.4,7957.76,338.63,2.4,0.88,0.08,463,0.84,1,Bihar,Begusarai
101.0,2.6,10338.92,19.65,0.6,0.74,0.12,192,0.69,1,Bihar,Muzaffarpur
190.6,34.0,1044.36,763.09,2.6,0.34,0.15,16,0.76,1,Jharkhand,Hazaribagh
263.8,23.0,2532.18,3.0,1.4,0.52,0.2,1341,0.57,2,Jharkhand,Dhanbad
202.7,15.9,1074.43,395.58,2.5,0.56,0.28,475,0.45,0,Jharkhand,Jamshedpur
64.7,9.6,3271.4,88.86,5.0,0.81,0.14,806,0.79,2,Bihar,Muzaffarpur
329.7,24.7,1247.0,271.2,0.7,0.57,0.22,2433,0.45,0,Jharkhand,Hazaribagh
137.4,8.4,522.06,27.71,2.2,0.79,0.12,124,0.85,2,Bihar,Patna
99.1,13.9,3641.51,247.87,2.4,0.9,0.11,168,0.63,1,Bihar,Patna
48.6,14.5,1408.2,38.42,3.4,0.86,0.11,476,0.89,2,Bihar,Begusarai
169.7,18.3,986.59,114.16,3.0,0.51,0.19,218,0.74,1,Jharkhand,Jamshedpur
252.8,15.9,6739.97,7.94,2.7,0.4,0.15,912,0.5,2,Jharkhand,Dhanbad
196.6,9.9,648.3,270.98,0.6,0.88,0.1,71,0.85,0,Bihar,Muzaffarpur
173.5,2.5,420.55,146.89,0.7,0.84,0.07,121,0.87,1,Bihar,Gaya
66.9,8.4,14140.61,689.71,1.2,0.81,0.08,1675,0.67,1,Bihar,Patna
197.1,8.3,6042.64,139.68,1.7,0.71,0.1,209,0.61,1,Bihar,Gaya
375.8,27.8,268.39,681.82,2.1,0.36,0.21,1368,0.76,1,Jharkhand,Ranchi
176.2,3.6,5150.95,187.19,0.9,0.82,0.06,15,0.91,1,Bihar,Begusarai
305.6,33.4,4026.57,92.54,2.3,0.5,0.31,241,0.61,2,Jharkhand,Dhanbad
30.1,14.5,411.89,499.1,3.9,0.72,0.03,478,0.78,1,Bihar,Gaya
375.7,27.4,771.49,40.65,1.0,0.54,0.23,432,0.76,1,Jharkhand,Dhanbad
79.2,7.0,9592.6,24.88,2.5,0.72,0.05,321,0.83,2,Bihar,Patna
91.0,8.2,2084.91,175.6,4.1,0.77,0.04,403,0.92,2,Bihar,Bhagalpur
188.9,11.0,4638.96,499.65,4.6,0.81,0.15,741,0.81,1,Bihar,Bhagalpur
162.3,3.0,5849.19,118.61,1.4,0.76,0.04,177,0.95,1,Bihar,Begusarai
85.9,4.5,1614.47,40.77,2.7,0.72,0.11,135,0.89,2,Bihar,Muzaffarpur
221.5,28.1,1751.38,1162.41,2.8,0.55,0.29,162,0.58,1,Jharkhand,Hazaribagh
102.9,3.2,3661.59,66.2,1.7,0.72,0.04,437,0.69,1,Bihar,Muzaffarpur
84.7,1.0,3401.59,27.22,4.6,0.71,0.12,375,0.78,2,Bihar,Bhagalpur
177.5,19.6,1846.86,726.0,2.6,0.33,0.27,879,0.74,1,Jharkhand,Ranchi
121.7,1.6,2642.39,3.64,1.0,0.83,0.13,314,0.97,1,Bihar,Gaya
177.1,31.9,1435.95,611.44,0.7,0.49,0.34,693,0.59,0,Jharkhand,Hazaribagh
162.6,11.6,2720.11,82.98,0.3,0.34,0.32,134,0.73,1,Jharkhand,Dhanbad
212.2,19.3,1046.5,117.57,1.6,0.32,0.18,43,0.89,1,Jharkhand,Jamshedpur
39.3,12.6,4123.06,143.46,2.9,0.74,0.07,450,0.67,1,Bihar,Bhagalpur
96.2,4.0,470.58,3.16,2.1,0.72,0.04,110,0.7,1,Bihar,Patna
150.5,26.0,196.62,60.91,2.8,0.48,0.15,1795,0.87,2,Jharkhand,Dhanbad
45.4,14.2,2573.0,59.83,2.0,0.8,0.04,256,0.62,2,Bihar,Muzaffarpur
161.4,12.1,2336.86,33.31,2.1,0.86,0.11,105,0.66,1,Bihar,Patna
176.5,25.7,3034.47,51.76,3.0,0.47,0.33,646,0.53,2,Jharkhand,Dhanbad
195.3,2.8,2477.17,87.44,2.4,0.74,0.06,653,0.87,2,Bihar,Muzaffarpur
133.1,2.9,450.37,319.32,3.7,0.73,0.07,9,0.79,1,Bihar,Begusarai
123.5,9.5,1213.31,217.83,4.3,0.87,0.05,1839,0.65,2,Bihar,Patna
38.6,13.0,14140.92,83.39,4.5,0.83,0.08,902,0.87,2,Bihar,Muzaffarpur
343.8,25.5,1558.3,373.37,2.6,0.45,0.16,387,0.78,1,Jharkhand,Dhanbad
185.4,12.6,721.78,306.69,0.4,0.59,0.29,3927,0.75,0,Jharkhand,Jamshedpur
223.4,26.8,35.75,484.48,1.2,0.31,0.28,142,0.72,1,Jharkhand,Ranchi
276.0,10.3,3775.75,180.31,1.9,0.45,0.3,304,0.83,1,Jharkhand,Hazaribagh
63.1,8.6,5776.01,75.54,0.9,0.77,0.04,277,0.88,2,Bihar,Patna
317.2,17.9,542.27,459.04,2.6,0.42,0.2,437,0.89,1,Jharkhand,Hazaribagh
181.4,20.4,2186.16,574.94,2.7,0.5,0.28,1310,0.36,1,Jharkhand,Dhanbad
367.1,20.4,14635.3,478.75,1.0,0.3,0.18,1196,0.41,1,Jharkhand,Jamshedpur
261.9,33.9,469.06,1008.47,1.1,0.57,0.26,794,0.81,1,Jharkhand,Jamshedpur
350.2,25.8,4952.33,280.08,0.4,0.36,0.27,905,0.67,1,Jharkhand,Jamshedpur
152.1,8.9,561.62,590.42,0.7,0.84,0.11,1113,0.67,0,Bihar,Gaya
198.6,4.4,5231.07,358.18,2.4,0.83,0.05,292,0.89,1,Bihar,Begusarai
362.3,21.1,1591.6,1004.08,1.4,0.47,0.34,863,0.78,1,Jharkhand,Hazaribagh
155.9,20.3,467.09,142.24,2.3,0.36,0.18,298,0.42,1,Jharkhand,Jamshedpur
343.7,28.4,4368.57,638.48,1.0,0.4,0.27,86,0.38,0,Jharkhand,Jamshedpur
95.8,11.9,6635.64,135.81,1.3,0.8,0.04,480,0.7,1,Bihar,Muzaffarpur
244.7,33.9,2501.1,829.13,2.2,0.5,0.19,124,0.45,1,Jharkhand,Ranchi
305.6,20.8,101.73,135.96,1.9,0.31,0.25,734,0.36,1,Jharkhand,Dhanbad
330.3,15.8,2349.51,462.33,2.9,0.58,0.25,969,0.83,1,Jharkhand,Ranchi
90.6,4.3,1240.27,585.98,3.8,0.86,0.1,524,0.78,1,Bihar,Patna
305.5,23.5,1987.81,553.9,2.2,0.42,0.34,95,0.52,1,Jharkhand,Ranchi
273.1,30.9,136.13,71.5,1.0,0.37,0.23,469,0.72,1,Jharkhand,Hazaribagh
252.8,13.6,1871.38,297.2,2.9,0.55,0.16,859,0.89,1,Jharkhand,Jamshedpur
289.9,17.0,462.96,171.62,2.8,0.31,0.17,1543,0.82,2,Jharkhand,Jamshedpur
336.8,15.2,1974.04,308.08,2.3,0.59,0.29,1906,0.58,1,Jharkhand,Ranchi
155.0,1.7,1323.76,89.09,4.4,0.77,0.06,1297,0.65,2,Bihar,Patna
181.0,7.2,8172.93,186.78,1.3,0.75,0.09,45,0.99,1,Bihar,Begusarai
115.5,2.6,3688.95,116.7,2.0,0.7,0.12,624,0.83,1,Bihar,Bhagalpur
39.0,11.4,1954.3,621.0,1.6,0.82,0.05,220,0.67,1,Bihar,Bhagalpur
290.0,19.7,11.76,218.06,1.8,0.56,0.17,981,0.35,1,Jharkhand,Ranchi
217.7,19.3,5691.37,336.59,2.7,0.33,0.28,422,0.74,1,Jharkhand,Jamshedpur
38.4,3.3,1795.26,312.62,2.5,0.87,0.12,158,0.75,1,Bihar,Gaya
213.0,33.0,1814.63,348.52,1.7,0.54,0.25,99,0.52,1,Jharkhand,Jamshedpur
121.3,14.1,7221.64,73.74,4.4,0.71,0.04,651,0.7,2,Bihar,Patna
242.8,22.5,1042.99,517.08,0.5,0.46,0.31,150,0.59,0,Jharkhand,Ranchi
323.2,23.9,297.92,480.96,1.4,0.46,0.28,329,0.7,1,Jharkhand,Hazaribagh
296.8,12.1,3161.07,238.99,2.3,0.57,0.2,422,0.6,1,Jharkhand,Dhanbad
374.1,27.1,4004.89,783.54,0.4,0.35,0.2,432,0.49,0,Jharkhand,Jamshedpur
230.1,13.4,1166.27,140.49,1.8,0.52,0.33,1131,0.51,1,Jharkhand,Dhanbad
156.6,2.7,8243.55,27.93,2.1,0.71,0.05,978,0.7,2,Bihar,Patna
213.3,23.9,531.03,299.95,2.0,0.39,0.29,13,0.82,1,Jharkhand,Ranchi
89.8,8.4,1228.1,15.1,4.1,0.86,0.1,675,0.87,2,Bihar,Muzaffarpur
90.4,12.2,6840.26,69.83,3.1,0.76,0.09,851,0.75,2,Bihar,Bhagalpur
122.7,10.1,1320.34,467.17,0.9,0.86,0.13,268,0.88,1,Bihar,Patna
130.5,13.4,178.95,439.38,3.9,0.86,0.03,398,0.83,1,Bihar,Gaya
268.5,10.1,336.86,4.43,1.4,0.51,0.19,1755,0.7,1,Jharkhand,Hazaribagh
185.7,29.1,3840.99,624.21,2.0,0.56,0.24,1101,0.74,1,Jharkhand,Hazaribagh
153.2,2.2,957.08,146.09,3.1,0.74,0.05,1233,0.99,2,Bihar,Bhagalpur
40.7,9.2,17971.94,184.17,0.8,0.81,0.09,471,0.82,1,Bihar,Patna
221.8,22.8,1849.68,657.38,0.3,0.35,0.15,300,0.78,0,Jharkhand,Hazaribagh
184.6,20.7,641.55,321.47,1.9,0.53,0.34,1583,0.54,1,Jharkhand,Hazaribagh
99.7,5.3,5829.49,26.7,1.0,0.75,0.15,104,0.7,1,Bihar,Muzaffarpur
46.8,8.9,3833.04,197.7,2.1,0.86,0.14,869,0.92,2,Bihar,Bhagalpur
60.5,1.9,8239.24,11.21,3.5,0.71,0.09,1372,0.8,2,Bihar,Begusarai
167.6,12.1,6885.69,538.03,4.0,0.71,0.09,66,0.69,1,Bihar,Bhagalpur
79.3,12.9,13679.05,98.08,2.0,0.78,0.04,555,0.75,2,Bihar,Gaya
129.6,9.1,3612.39,254.02,3.9,0.87,0.07,354,0.73,1,Bihar,Patna
363.8,20.8,1844.82,195.17,2.1,0.45,0.3,3870,0.36,1,Jharkhand,Hazaribagh
68.4,13.2,1119.67,337.01,1.6,0.76,0.07,82,0.89,1,Bihar,Muzaffarpur
102.7,11.1,1676.76,81.99,2.0,0.74,0.09,608,0.79,1,Bihar,Begusarai
31.7,1.6,24.48,153.43,4.3,0.72,0.13,329,0.97,2,Bihar,Bhagalpur
116.8,7.4,3302.45,360.24,3.9,0.72,0.13,376,0.64,1,Bihar,Gaya
63.9,1.0,268.84,206.21,1.7,0.86,0.13,329,0.69,1,Bihar,Gaya
196.2,3.4,948.29,48.51,1.8,0.88,0.1,265,0.75,1,Bihar,Patna
162.1,15.3,80.72,333.78,1.9,0.49,0.29,813,0.54,1,Jharkhand,Jamshedpur
173.4,20.7,1289.37,55.13,2.9,0.53,0.25,296,0.49,1,Jharkhand,Hazaribagh
366.8,26.8,2881.88,19.24,1.8,0.37,0.33,16,0.38,1,Jharkhand,Ranchi
268.4,21.2,892.03,2.85,2.5,0.5,0.29,2498,0.62,2,Jharkhand,Ranchi
194.7,14.0,5876.96,409.08,2.4,0.87,0.08,59,0.96,1,Bihar,Bhagalpur
294.3,26.1,366.57,758.43,1.0,0.41,0.18,892,0.53,1,Jharkhand,Hazaribagh
330.3,18.8,4197.78,157.63,1.5,0.54,0.22,1542,0.32,1,Jharkhand,Jamshedpur
70.8,1.7,5498.62,527.63,3.1,0.77,0.1,19,0.96,2,Bihar,Bhagalpur
171.3,11.6,3813.07,86.35,2.2,0.75,0.05,144,0.6,1,Bihar,Begusarai
219.9,14.8,552.43,280.68,2.6,0.41,0.3,640,0.35,0,Jharkhand,Ranchi
193.1,12.0,204.47,185.17,2.7,0.78,0.05,549,0.99,1,Bihar,Muzaffarpur
296.4,24.7,615.68,236.04,2.5,0.46,0.28,1225,0.57,2,Jharkhand,Jamshedpur
139.8,2.7,6537.81,539.56,2.2,0.74,0.09,1052,0.61,1,Bihar,Begusarai
188.1,7.5,8114.04,134.85,1.0,0.88,0.14,1435,0.7,1,Bihar,Bhagalpur
319.3,29.5,69.8,56.17,1.9,0.35,0.19,363,0.6,2,Jharkhand,Dhanbad
305.8,11.9,1706.52,280.22,0.7,0.47,0.3,327,0.68,0,Jharkhand,Dhanbad
258.2,22.1,2122.6,417.77,0.3,0.39,0.17,76,0.67,0,Jharkhand,Jamshedpur
322.3,13.2,3610.56,176.47,1.9,0.37,0.33,7,0.33,1,Jharkhand,Jamshedpur
199.3,3.3,5454.72,75.01,2.7,0.89,0.12,119,0.81,2,Bihar,Patna
147.0,2.8,1979.26,309.93,1.9,0.84,0.04,741,0.6,1,Bihar,Muzaffarpur
346.1,24.6,144.71,34.41,2.3,0.35,0.3,1940,0.59,2,Jharkhand,Jamshedpur
281.8,29.1,439.92,2.04,2.8,0.52,0.3,854,0.89,2,Jharkhand,Hazaribagh
37.9,9.5,3522.62,196.75,4.5,0.76,0.11,136,0.63,2,Bihar,Patna
76.0,12.4,1887.55,146.1,2.6,0.85,0.08,496,0.83,2,Bihar,Muzaffarpur
150.9,1.3,1521.88,392.86,2.6,0.8,0.14,237,0.7,1,Bihar,Begusarai
46.5,7.4,1181.96,957.97,4.0,0.75,0.08,757,0.8,2,Bihar,Muzaffarpur
68.8,13.9,3485.13,179.58,2.2,0.81,0.09,351,0.84,2,Bihar,Patna
122.1,2.4,14716.35,290.62,4.7,0.73,0.09,59,0.75,1,Bihar,Begusarai
61.2,4.2,7915.51,104.39,2.2,0.73,0.06,355,0.78,2,Bihar,Begusarai
302.9,24.1,4866.63,501.69,2.8,0.37,0.18,287,0.87,1,Jharkhand,Ranchi
393.0,31.5,1101.07,46.62,2.9,0.43,0.16,627,0.31,1,Jharkhand,Jamshedpur
110.5,9.4,2846.24,406.21,3.5,0.88,0.04,379,0.93,1,Bihar,Patna
38.0,10.2,8367.58,397.22,1.2,0.88,0.06,1171,0.94,2,Bihar,Gaya
288.1,11.3,1175.7,17.95,2.2,0.36,0.28,0,0.45,1,Jharkhand,Dhanbad
169.8,14.8,876.99,195.26,1.6,0.59,0.28,18,0.49,1,Jharkhand,Dhanbad
368.8,17.5,1862.88,39.73,2.3,0.32,0.18,779,0.64,1,Jharkhand,Hazaribagh
115.7,8.4,9240.51,66.68,4.8,0.72,0.04,339,0.89,2,Bihar,Bhagalpur
394.6,14.0,2039.9,267.36,1.2,0.43,0.2,1749,0.38,0,Jharkhand,Hazaribagh
378.4,30.8,63.42,141.28,2.4,0.46,0.21,360,0.88,2,Jharkhand,Jamshedpur
397.3,11.0,5948.58,425.58,1.4,0.46,0.25,970,0.45,0,Jharkhand,Jamshedpur
198.4,15.4,1704.25,535.99,0.7,0.56,0.34,584,0.43,0,Jharkhand,Dhanbad
208.5,11.2,1525.5,125.06,2.0,0.42,0.29,537,0.87,1,Jharkhand,Ranchi
75.5,7.1,14120.67,127.27,3.7,0.71,0.09,393,0.73,2,Bihar,Begusarai
340.1,34.6,4164.7,1165.84,0.8,0.44,0.26,1515,0.72,1,Jharkhand,Ranchi
113.9,8.9,5607.16,41.92,4.6,0.72,0.1,64,0.85,2,Bihar,Gaya
91.7,4.1,3484.17,230.05,3.6,0.87,0.1,482,0.91,2,Bihar,Begusarai
182.1,0.9,417.39,85.73,3.7,0.82,0.1,671,0.67,2,Bihar,Bhagalpur
182.1,10.5,1966.91,468.01,1.0,0.44,0.25,703,0.39,0,Jharkhand,Dhanbad
114.3,5.3,2843.85,14.77,0.9,0.8,0.07,582,0.74,1,Bihar,Patna
80.8,3.3,2933.64,24.7,3.3,0.83,0.05,404,0.68,2,Bihar,Patna
154.8,1.3,1217.53,437.62,3.7,0.79,0.13,925,0.67,1,Bihar,Bhagalpur
176.3,0.6,7465.66,7.16,4.6,0.85,0.14,739,0.78,2,Bihar,Gaya
159.3,2.9,11156.5,358.64,1.4,0.84,0.09,49,0.78,1,Bihar,Gaya
197.2,14.4,9339.46,77.28,5.0,0.71,0.14,407,0.84,2,Bihar,Patna
358.6,30.8,819.43,479.16,1.0,0.31,0.27,960,0.49,1,Jharkhand,Ranchi
185.0,23.6,111.47,3.22,0.5,0.32,0.29,229,0.74,1,Jharkhand,Hazaribagh
353.3,33.9,3914.34,860.85,2.8,0.35,0.2,191,0.72,1,Jharkhand,Ranchi
174.6,3.6,8945.62,220.98,2.9,0.73,0.1,1462,0.65,2,Bihar,Bhagalpur
231.7,25.2,10800.08,1066.28,2.5,0.33,0.27,1374,0.31,1,Jharkhand,Dhanbad
209.8,29.7,1409.67,23.21,1.2,0.52,0.22,758,0.64,1,Jharkhand,Hazaribagh
123.1,9.8,635.03,60.07,0.9,0.8,0.13,604,0.69,1,Bihar,Muzaffarpur
170.5,12.5,7387.29,69.18,4.4,0.85,0.15,307,0.77,2,Bihar,Patna
171.0,10.7,5423.1,582.55,2.3,0.83,0.08,104,0.79,1,Bihar,Patna
119.9,12.3,601.73,266.0,3.5,0.8,0.14,1262,0.89,2,Bihar,Patna
355.2,10.9,320.57,183.02,1.7,0.3,0.18,695,0.75,1,Jharkhand,Ranchi
185.8,10.7,6.43,222.81,2.3,0.81,0.11,270,0.65,1,Bihar,Begusarai
280.5,11.9,2581.33,85.29,2.6,0.34,0.35,187,0.84,2,Jharkhand,Ranchi
199.6,4.6,4340.22,220.54,1.3,0.76,0.11,104,0.96,1,Bihar,Muzaffarpur
234.1,15.3,4643.86,150.27,0.7,0.37,0.24,309,0.54,0,Jharkhand,Dhanbad
195.1,6.9,855.34,394.7,3.0,0.8,0.11,1102,0.88,2,Bihar,Gaya
183.2,11.4,1969.52,134.12,3.2,0.83,0.04,197,0.99,2,Bihar,Muzaffarpur
39.6,0.8,2883.92,119.58,2.0,0.73,0.11,361,0.71,1,Bihar,Gaya
229.9,24.8,152.13,29.99,0.6,0.53,0.3,1007,0.79,1,Jharkhand,Ranchi
56.6,12.8,1776.33,259.06,4.3,0.83,0.03,648,0.73,1,Bihar,Gaya
253.8,29.1,7322.91,76.76,1.1,0.45,0.34,591,0.89,2,Jharkhand,Jamshedpur
75.4,14.0,4054.31,37.86,3.1,0.8,0.06,92,0.9,2,Bihar,Gaya
329.7,24.2,4282.13,536.3,0.6,0.34,0.24,1490,0.65,1,Jharkhand,Hazaribagh
216.2,27.8,1643.78,42.14,0.3,0.54,0.22,5,0.72,1,Jharkhand,Jamshedpur
154.0,12.3,655.53,158.22,1.4,0.32,0.18,950,0.65,1,Jharkhand,Dhanbad
309.9,11.4,232.25,209.28,0.7,0.58,0.16,437,0.64,0,Jharkhand,Ranchi
122.2,8.1,8307.34,30.43,0.5,0.83,0.14,117,0.64,1,Bihar,Begusarai
169.7,25.1,716.87,71.62,2.3,0.48,0.18,1082,0.58,2,Jharkhand,Jamshedpur
315.6,14.0,1108.01,466.05,0.6,0.52,0.2,1707,0.45,0,Jharkhand,Hazaribagh
199.1,25.3,2498.79,36.72,1.3,0.49,0.21,379,0.7,1,Jharkhand,Hazaribagh
152.2,7.8,1961.05,246.73,1.6,0.71,0.07,813,0.73,1,Bihar,Gaya
118.1,7.1,65.48,6.26,4.5,0.8,0.07,1289,0.98,2,Bihar,Gaya
128.8,8.5,5281.56,49.52,2.4,0.7,0.14,89,0.89,2,Bihar,Gaya
215.9,10.9,757.31,52.52,3.0,0.33,0.29,1542,0.37,1,Jharkhand,Dhanbad
155.2,15.6,1129.54,23.27,0.5,0.45,0.2,2257,0.44,1,Jharkhand,Dhanbad
126.4,5.6,6502.04,95.98,2.4,0.87,0.14,204,0.78,2,Bihar,Begusarai
46.2,3.4,10460.02,106.7,1.4,0.79,0.1,588,0.66,1,Bihar,Patna
126.6,6.9,8594.47,13.92,2.6,0.87,0.09,63,0.85,2,Bihar,Bhagalpur
225.8,27.4,1368.99,624.75,1.0,0.42,0.2,117,0.55,1,Jharkhand,Ranchi
79.3,0.7,2347.21,171.06,2.3,0.79,0.15,176,0.67,1,Bihar,Muzaffarpur
344.1,28.7,4099.99,159.46,1.9,0.43,0.19,393,0.31,1,Jharkhand,Jamshedpur
336.7,12.3,1363.06,287.45,1.8,0.42,0.34,525,0.74,1,Jharkhand,Hazaribagh
356.4,16.9,1319.47,31.27,2.2,0.59,0.23,429,0.84,2,Jharkhand,Jamshedpur
85.2,11.8,228.45,284.59,2.7,0.76,0.13,45,0.72,1,Bihar,Muzaffarpur
317.3,28.3,1878.24,226.4,2.1,0.43,0.24,825,0.76,2,Jharkhand,Dhanbad
259.1,34.3,754.08,15.31,1.1,0.33,0.28,79,0.68,1,Jharkhand,Ranchi
332.0,18.1,1177.96,1516.33,0.3,0.41,0.35,1757,0.37,0,Jharkhand,Hazaribagh
290.8,26.2,4694.77,94.05,0.6,0.6,0.31,871,0.88,2,Jharkhand,Dhanbad
192.8,12.0,3502.62,472.75,2.4,0.56,0.35,223,0.85,1,Jharkhand,Jamshedpur
296.6,16.5,275.11,1604.85,2.7,0.51,0.27,2196,0.32,1,Jharkhand,Dhanbad
44.3,4.3,12317.16,3.82,0.7,0.78,0.03,157,0.74,1,Bihar,Begusarai
303.9,28.8,1318.69,237.11,1.1,0.55,0.21,862,0.49,1,Jharkhand,Dhanbad
146.8,13.7,16236.15,187.6,3.0,0.75,0.07,610,0.85,2,Bihar,Bhagalpur
146.8,1.9,2260.63,511.68,3.1,0.75,0.11,20,0.9,1,Bihar,Muzaffarpur
173.3,6.3,1786.87,147.68,2.3,0.75,0.12,115,0.92,1,Bihar,Patna
87.2,9.0,1201.24,121.18,3.9,0.86,0.13,30,0.6,1,Bihar,Begusarai
244.6,29.8,3003.0,829.91,2.6,0.54,0.26,43,0.46,1,Jharkhand,Hazaribagh
37.0,10.7,6146.84,119.93,1.0,0.87,0.05,68,0.61,1,Bihar,Muzaffarpur
193.2,10.6,2049.72,323.26,2.3,0.8,0.1,499,0.69,1,Bihar,Bhagalpur
387.2,14.2,1312.19,1348.5,0.2,0.43,0.26,457,0.5,0,Jharkhand,Jamshedpur
333.2,27.1,1880.8,716.55,0.9,0.41,0.25,301,0.65,1,Jharkhand,Ranchi
66.3,2.0,15039.67,229.81,3.5,0.71,0.14,992,0.89,2,Bihar,Patna
296.5,34.4,173.38,303.98,2.7,0.43,0.27,1355,0.41,1,Jharkhand,Jamshedpur
247.2,11.2,442.65,646.13,1.9,0.52,0.3,553,0.6,1,Jharkhand,Jamshedpur
393.4,26.6,2626.85,209.86,1.0,0.35,0.26,273,0.45,1,Jharkhand,Hazaribagh
50.0,10.0,678.73,66.62,0.5,0.87,0.06,753,0.97,1,Bihar,Gaya
392.7,19.3,1009.18,457.6,0.4,0.46,0.21,102,0.88,0,Jharkhand,Hazaribagh
311.2,19.3,724.02,1205.9,0.3,0.4,0.2,611,0.85,0,Jharkhand,Ranchi
47.5,14.2,6224.11,317.02,1.3,0.78,0.12,1645,0.75,1,Bihar,Patna
255.2,22.0,107.37,188.84,1.2,0.43,0.19,1354,0.71,1,Jharkhand,Ranchi
271.6,17.5,538.4,406.55,1.0,0.31,0.17,5,0.74,0,Jharkhand,Hazaribagh
41.7,14.9,1378.74,68.16,1.2,0.8,0.07,1033,0.97,2,Bihar,Begusarai
87.0,3.5,5655.22,94.9,1.9,0.82,0.04,106,0.72,1,Bihar,Muzaffarpur
189.3,6.0,679.29,218.17,1.6,0.76,0.05,95,0.62,1,Bihar,Bhagalpur
154.0,23.9,1654.87,190.87,1.6,0.39,0.3,1640,0.49,1,Jharkhand,Jamshedpur
174.4,32.4,891.15,172.25,1.7,0.48,0.26,181,0.38,1,Jharkhand,Hazaribagh
85.1,2.1,11997.26,116.95,1.6,0.71,0.03,198,0.64,1,Bihar,Bhagalpur
332.6,21.3,2204.07,461.22,1.2,0.42,0.31,1299,0.32,1,Jharkhand,Jamshedpur
201.1,16.2,398.52,2217.56,0.5,0.4,0.19,550,0.38,0,Jharkhand,Hazaribagh
183.3,1.0,4641.84,77.1,3.2,0.86,0.04,845,0.79,2,Bihar,Muzaffarpur
130.1,8.0,2744.76,271.12,2.8,0.71,0.07,1865,0.76,1,Bihar,Gaya
232.3,24.7,36.24,751.7,1.4,0.45,0.34,945,0.34,1,Jharkhand,Dhanbad
197.3,29.3,2068.03,736.65,1.9,0.55,0.31,239,0.32,1,Jharkhand,Jamshedpur
203.7,11.0,824.22,89.83,0.7,0.45,0.25,252,0.55,1,Jharkhand,Hazaribagh
132.9,6.2,6866.76,70.96,4.4,0.8,0.05,595,0.94,2,Bihar,Muzaffarpur
260.3,11.6,4668.1,697.89,0.6,0.44,0.3,772,0.82,0,Jharkhand,Ranchi
258.0,29.6,1332.51,248.3,2.8,0.54,0.31,646,0.58,1,Jharkhand,Ranchi
194.6,11.4,3154.24,333.37,0.6,0.87,0.04,956,0.86,1,Bihar,Muzaffarpur
199.3,17.9,106.14,132.48,1.7,0.54,0.18,212,0.4,1,Jharkhand,Ranchi
279.3,29.1,1926.48,237.2,2.4,0.35,0.24,404,0.37,1,Jharkhand,Ranchi
128.7,6.1,4284.23,37.45,1.5,0.8,0.05,543,0.77,1,Bihar,Muzaffarpur
214.5,22.3,1807.97,1484.08,1.1,0.48,0.17,2559,0.35,1,Jharkhand,Ranchi
347.0,27.6,3909.12,356.37,1.5,0.45,0.34,700,0.87,1,Jharkhand,Dhanbad
263.6,15.2,1425.57,1.49,0.9,0.43,0.35,344,0.53,1,Jharkhand,Hazaribagh
52.7,1.2,7150.29,298.7,3.1,0.81,0.06,129,0.66,2,Bihar,Begusarai
163.2,4.4,10259.41,239.45,0.5,0.84,0.04,154,0.61,1,Bihar,Begusarai
255.0,14.8,2212.83,162.48,2.2,0.52,0.16,626,0.34,1,Jharkhand,Jamshedpur
296.9,16.5,554.04,1678.76,1.1,0.57,0.28,1049,0.47,0,Jharkhand,Ranchi
185.0,11.2,1139.37,44.09,4.3,0.84,0.12,380,0.9,2,Bihar,Bhagalpur
388.3,12.5,6651.48,147.76,1.9,0.31,0.16,43,0.36,1,Jharkhand,Dhanbad
330.3,26.9,338.37,295.74,2.4,0.45,0.17,435,0.54,1,Jharkhand,Jamshedpur
158.9,13.4,5443.89,577.63,0.3,0.54,0.33,2266,0.35,0,Jharkhand,Ranchi
221.9,18.3,45.05,222.43,0.6,0.47,0.27,2093,0.82,1,Jharkhand,Dhanbad
322.7,29.7,6897.08,49.48,1.2,0.57,0.24,1557,0.85,2,Jharkhand,Ranchi
55.2,6.5,2203.98,132.09,1.7,0.8,0.13,541,0.67,1,Bihar,Gaya
112.9,10.6,4863.17,150.96,2.3,0.72,0.08,260,0.99,1,Bihar,Muzaffarpur
55.9,3.1,6623.34,67.2,4.8,0.86,0.05,980,0.86,2,Bihar,Bhagalpur
233.8,30.4,245.51,648.94,2.6,0.59,0.22,54,0.88,1,Jharkhand,Dhanbad
145.5,1.5,8807.49,180.14,4.0,0.88,0.11,1067,0.67,2,Bihar,Muzaffarpur
122.1,13.8,1603.87,460.34,2.5,0.78,0.06,156,0.76,1,Bihar,Begusarai
41.9,10.3,317.59,37.95,2.1,0.85,0.14,125,0.71,2,Bihar,Muzaffarpur
110.0,13.2,5554.65,287.77,2.8,0.7,0.08,1188,0.94,1,Bihar,Bhagalpur
122.3,8.2,5326.61,85.47,2.8,0.84,0.13,84,0.77,1,Bihar,Gaya
252.0,27.2,4199.11,115.0,2.0,0.57,0.35,89,0.55,1,Jharkhand,Ranchi
387.6,34.0,351.33,41.13,0.2,0.35,0.25,1509,0.9,2,Jharkhand,Hazaribagh
301.1,16.9,2321.54,793.17,1.0,0.37,0.16,421,0.7,0,Jharkhand,Jamshedpur
352.2,30.0,1853.99,244.28,1.9,0.43,0.21,246,0.8,1,Jharkhand,Dhanbad
106.4,6.9,1202.32,19.11,3.7,0.78,0.06,438,0.68,2,Bihar,Bhagalpur
262.2,23.4,4247.57,91.03,0.6,0.42,0.16,551,0.56,1,Jharkhand,Ranchi
289.7,27.7,3329.17,78.15,0.9,0.34,0.25,192,0.87,2,Jharkhand,Hazaribagh
131.0,2.7,34058.99,101.78,4.6,0.88,0.08,580,0.99,2,Bihar,Muzaffarpur
140.2,5.0,123.92,186.38,2.9,0.7,0.07,2,0.92,1,Bihar,Patna
165.8,32.8,861.11,214.92,1.5,0.54,0.28,1103,0.68,1,Jharkhand,Dhanbad
176.8,10.3,3526.94,48.32,3.4,0.87,0.12,937,0.89,2,Bihar,Begusarai
35.4,4.2,5739.97,461.85,4.2,0.85,0.14,892,0.88,2,Bihar,Bhagalpur
143.2,3.6,830.05,214.19,2.4,0.8,0.15,165,0.92,1,Bihar,Bhagalpur
262.0,13.0,349.47,222.13,1.0,0.37,0.3,25,0.47,0,Jharkhand,Jamshedpur
159.3,7.5,6890.12,536.37,3.7,0.86,0.13,224,0.68,1,Bihar,Patna
95.5,11.2,602.73,108.13,3.8,0.75,0.06,446,0.92,2,Bihar,Patna
34.5,4.3,9368.16,154.47,4.6,0.71,0.09,610,0.8,2,Bihar,Bhagalpur
177.8,17.0,3342.43,590.64,1.2,0.35,0.24,481,0.49,0,Jharkhand,Hazaribagh
49.9,3.2,16708.45,24.11,2.0,0.83,0.07,195,0.8,2,Bihar,Gaya
275.1,22.1,1357.2,68.71,2.3,0.34,0.26,1118,0.5,2,Jharkhand,Hazaribagh
204.7,23.0,1859.48,67.53,2.1,0.31,0.27,278,0.35,1,Jharkhand,Hazaribagh
339.9,17.9,1974.05,246.18,0.9,0.59,0.29,117,0.48,0,Jharkhand,Ranchi
246.4,23.4,127.07,737.89,1.8,0.3,0.31,878,0.69,1,Jharkhand,Dhanbad
223.1,30.0,710.35,611.76,1.2,0.3,0.17,107,0.64,1,Jharkhand,Dhanbad
117.0,14.9,3728.3,211.46,0.8,0.73,0.14,290,0.8,0,Bihar,Begusarai
255.0,25.2,545.63,44.27,1.5,0.54,0.31,1028,0.8,2,Jharkhand,Dhanbad
106.8,10.5,1269.68,202.89,3.7,0.88,0.1,83,0.64,1,Bihar,Begusarai
185.5,3.0,13932.35,340.11,4.7,0.81,0.07,3,0.97,2,Bihar,Muzaffarpur
257.2,20.0,383.9,81.69,1.3,0.39,0.27,559,0.81,1,Jharkhand,Jamshedpur
385.6,23.2,826.57,157.25,0.6,0.41,0.26,1643,0.31,1,Jharkhand,Hazaribagh
124.1,14.8,10296.74,263.57,4.0,0.72,0.09,360,0.69,1,Bihar,Patna
260.9,24.3,1910.14,299.52,0.3,0.35,0.27,720,0.8,0,Jharkhand,Jamshedpur
180.9,34.5,375.85,200.16,0.8,0.48,0.28,73,0.7,1,Jharkhand,Ranchi
83.3,7.2,13243.79,98.88,4.4,0.87,0.12,1335,0.72,2,Bihar,Bhagalpur
294.2,16.9,1663.99,695.12,0.2,0.4,0.28,1525,0.5,0,Jharkhand,Hazaribagh
363.3,16.6,23.43,293.17,1.5,0.5,0.27,1066,0.63,1,Jharkhand,Hazaribagh
166.7,12.9,165.99,363.01,1.0,0.47,0.22,1019,0.56,1,Jharkhand,Hazaribagh
74.6,11.5,4732.51,297.13,2.6,0.84,0.13,582,0.75,1,Bihar,Patna
108.0,9.8,4903.38,227.77,3.0,0.89,0.12,234,0.64,1,Bihar,Bhagalpur
161.8,11.0,3823.08,115.5,2.1,0.46,0.23,141,0.64,1,Jharkhand,Hazaribagh
78.7,5.8,1461.51,17.53,0.7,0.72,0.13,19,0.63,1,Bihar,Bhagalpur
76.3,13.1,3645.31,132.71,1.9,0.81,0.04,2902,0.75,2,Bihar,Muzaffarpur
77.9,4.0,3675.79,164.36,0.6,0.82,0.11,502,0.76,1,Bihar,Muzaffarpur
195.9,4.2,2531.08,121.81,0.6,0.89,0.09,854,0.83,1,Bihar,Gaya
36.9,5.1,9799.6,171.39,4.8,0.74,0.05,1278,0.69,2,Bihar,Begusarai
155.3,3.1,13322.56,348.23,1.7,0.87,0.06,361,0.75,1,Bihar,Patna
92.9,11.2,6411.69,306.67,3.9,0.77,0.09,200,0.68,1,Bihar,Begusarai
154.7,9.6,211.27,384.85,4.1,0.71,0.04,459,0.75,1,Bihar,Muzaffarpur
180.0,21.3,1466.56,967.1,2.5,0.46,0.18,106,0.76,1,Jharkhand,Dhanbad
188.2,12.1,1543.57,113.41,2.7,0.86,0.06,21,0.88,1,Bihar,Muzaffarpur
197.6,14.1,3154.14,396.32,4.5,0.88,0.08,1631,0.86,2,Bihar,Patna
300.3,27.7,2741.87,1203.06,0.9,0.38,0.31,642,0.61,1,Jharkhand,Jamshedpur
230.7,22.0,442.22,384.26,1.3,0.45,0.3,423,0.88,1,Jharkhand,Dhanbad
40.7,12.6,5030.11,306.96,1.3,0.83,0.07,533,0.93,1,Bihar,Bhagalpur
84.1,4.0,13538.53,162.8,1.0,0.74,0.09,162,0.73,1,Bihar,Gaya
89.2,2.4,153.81,61.82,2.5,0.82,0.1,394,0.91,2,Bihar,Begusarai
188.9,0.6,915.42,9.8,1.4,0.83,0.09,2400,0.67,1,Bihar,Begusarai
82.8,14.8,4043.88,356.47,2.6,0.8,0.05,881,0.94,1,Bihar,Gaya
188.3,22.6,269.48,213.23,2.7,0.45,0.23,141,0.83,2,Jharkhand,Jamshedpur
93.8,4.0,18.87,161.88,4.1,0.82,0.07,300,0.85,2,Bihar,Begusarai
347.5,25.9,688.88,304.32,1.3,0.44,0.25,588,0.79,1,Jharkhand,Jamshedpur
214.0,13.0,505.99,41.49,2.3,0.54,0.18,784,0.33,1,Jharkhand,Jamshedpur
181.6,20.4,1441.03,5.97,2.6,0.37,0.24,167,0.38,1,Jharkhand,Jamshedpur
120.8,12.6,10465.03,102.78,3.7,0.86,0.12,220,0.69,2,Bihar,Gaya
74.6,4.2,2008.32,295.91,2.5,0.85,0.12,418,0.67,1,Bihar,Bhagalpur
79.2,5.0,2399.06,147.58,3.5,0.77,0.06,389,0.89,2,Bihar,Muzaffarpur
43.6,6.6,461.27,572.63,3.7,0.85,0.1,858,0.94,2,Bihar,Patna
205.4,22.8,1665.16,318.37,1.7,0.57,0.33,1293,0.87,2,Jharkhand,Dhanbad
174.6,16.6,1407.06,273.32,2.6,0.34,0.2,1052,0.75,1,Jharkhand,Jamshedpur
75.7,5.5,11727.0,249.5,3.0,0.8,0.12,1473,0.84,2,Bihar,Begusarai
72.5,9.4,3102.85,138.18,5.0,0.9,0.13,98,0.63,2,Bihar,Begusarai
235.2,19.4,296.45,947.45,1.7,0.52,0.18,713,0.52,1,Jharkhand,Jamshedpur
236.0,27.3,965.48,862.38,1.5,0.48,0.33,314,0.45,1,Jharkhand,Hazaribagh
251.7,24.0,700.82,103.72,2.5,0.45,0.27,158,0.72,1,Jharkhand,Jamshedpur
197.2,12.8,102.66,316.46,2.2,0.54,0.31,225,0.34,0,Jharkhand,Ranchi
260.8,25.8,3010.02,794.76,0.4,0.47,0.28,2047,0.6,1,Jharkhand,Jamshedpur
35.0,3.1,4767.9,860.24,3.7,0.88,0.13,546,0.62,1,Bihar,Patna
167.6,24.5,2008.97,508.75,0.5,0.53,0.26,110,0.47,0,Jharkhand,Dhanbad
146.8,4.8,914.41,164.15,1.9,0.75,0.09,110,0.76,1,Bihar,Begusarai
189.3,26.8,1261.48,560.87,0.5,0.48,0.2,599,0.34,0,Jharkhand,Jamshedpur
66.2,9.4,154.05,94.08,4.9,0.82,0.1,30,1.0,2,Bihar,Gaya
187.2,5.6,1526.31,216.74,5.0,0.84,0.05,80,0.83,2,Bihar,Muzaffarpur
246.5,27.9,28.76,28.82,2.9,0.47,0.18,130,0.66,2,Jharkhand,Hazaribagh
180.9,4.6,376.57,115.24,2.1,0.87,0.07,2311,0.87,2,Bihar,Patna
315.4,21.2,598.65,236.67,1.5,0.52,0.21,1442,0.73,1,Jharkhand,Hazaribagh
331.3,13.0,1802.18,73.91,1.1,0.42,0.17,374,0.69,1,Jharkhand,Hazaribagh
317.7,14.0,224.92,3.13,2.3,0.3,0.24,559,0.35,1,Jharkhand,Dhanbad
224.0,27.8,1696.56,74.21,2.5,0.36,0.16,499,0.65,2,Jharkhand,Dhanbad
173.8,33.8,5994.23,1573.18,1.7,0.31,0.16,708,0.41,1,Jharkhand,Ranchi
389.6,13.5,493.7,145.38,2.5,0.49,0.21,196,0.45,1,Jharkhand,Dhanbad
272.7,34.2,903.14,714.08,1.0,0.59,0.18,353,0.58,1,Jharkhand,Hazaribagh
391.0,13.9,42.31,103.19,0.8,0.5,0.27,59,0.66,1,Jharkhand,Dhanbad
65.8,4.7,225.47,308.86,1.2,0.78,0.08,876,0.76,1,Bihar,Begusarai
190.9,11.1,8764.45,202.95,3.4,0.8,0.11,441,0.64,2,Bihar,Bhagalpur
42.3,10.5,2079.66,152.73,2.2,0.88,0.09,870,0.85,2,Bihar,Patna
175.6,11.5,822.68,21.08,1.3,0.52,0.16,199,0.73,1,Jharkhand,Ranchi
54.6,2.4,996.25,575.73,4.1,0.77,0.12,356,0.76,1,Bihar,Begusarai
334.7,19.9,1377.34,122.03,1.3,0.37,0.23,15,0.51,1,Jharkhand,Hazaribagh
68.7,7.6,114.32,88.72,4.2,0.73,0.13,315,0.7,2,Bihar,Gaya
106.4,14.6,1715.83,379.78,3.7,0.88,0.08,163,0.67,1,Bihar,Patna
156.1,6.1,10286.62,80.18,3.2,0.78,0.05,594,0.62,2,Bihar,Bhagalpur
143.0,4.6,93.49,44.36,4.7,0.7,0.09,347,0.78,2,Bihar,Muzaffarpur
183.0,19.4,1513.24,446.22,2.4,0.36,0.21,141,0.65,1,Jharkhand,Hazaribagh
206.2,23.0,435.24,330.84,2.8,0.55,0.26,235,0.69,1,Jharkhand,Jamshedpur
36.7,4.9,1237.79,272.99,0.7,0.86,0.08,598,0.88,1,Bihar,Begusarai
57.2,6.3,356.14,173.48,4.8,0.77,0.09,12,0.8,2,Bihar,Begusarai
33.5,14.5,1481.56,124.11,2.4,0.75,0.04,539,0.6,1,Bihar,Patna
160.4,3.5,608.05,460.99,2.9,0.74,0.05,352,0.76,1,Bihar,Muzaffarpur
377.9,22.6,4005.89,1350.67,2.8,0.34,0.19,834,0.6,1,Jharkhand,Dhanbad
186.7,22.0,152.86,7.03,2.3,0.54,0.18,584,0.68,2,Jharkhand,Jamshedpur
215.2,14.1,1712.65,164.28,1.8,0.44,0.2,1476,0.38,1,Jharkhand,Ranchi
359.7,20.7,1945.52,518.71,1.6,0.53,0.24,489,0.54,1,Jharkhand,Hazaribagh
171.4,10.1,5142.07,85.9,3.5,0.87,0.11,208,0.97,2,Bihar,Bhagalpur
293.8,34.6,144.91,113.74,0.4,0.58,0.15,1035,0.68,1,Jharkhand,Jamshedpur
154.5,5.7,7041.29,343.51,0.7,0.8,0.13,158,0.71,0,Bihar,Bhagalpur
145.8,8.2,177.52,144.48,1.7,0.72,0.14,21,0.76,1,Bihar,Begusarai
163.1,12.4,67.22,430.19,2.0,0.32,0.3,702,0.3,0,Jharkhand,Ranchi
272.0,27.8,793.33,812.87,2.8,0.37,0.31,2845,0.38,1,Jharkhand,Ranchi
226.3,20.7,1801.58,145.43,0.9,0.38,0.28,26,0.31,1,Jharkhand,Hazaribagh
223.3,31.9,1393.16,579.07,0.3,0.49,0.29,1589,0.46,0,Jharkhand,Dhanbad
398.6,34.5,1015.02,855.39,1.8,0.3,0.2,1014,0.52,1,Jharkhand,Jamshedpur
185.8,1.2,2219.79,33.75,4.1,0.9,0.12,262,0.65,2,Bihar,Muzaffarpur
320.2,29.7,1950.88,675.41,0.4,0.31,0.33,599,0.3,0,Jharkhand,Ranchi
359.6,33.7,818.86,814.1,1.6,0.42,0.22,656,0.39,1,Jharkhand,Dhanbad
394.6,28.2,70.23,412.85,1.1,0.53,0.19,996,0.47,1,Jharkhand,Jamshedpur
193.0,16.5,3015.24,274.31,1.4,0.47,0.31,661,0.74,0,Jharkhand,Jamshedpur
204.3,27.9,397.85,184.78,1.0,0.36,0.19,3727,0.63,1,Jharkhand,Ranchi
157.2,12.0,1243.87,694.26,3.1,0.85,0.08,320,0.94,1,Bihar,Patna
382.5,18.6,1991.32,1324.0,2.7,0.41,0.15,109,0.65,1,Jharkhand,Ranchi
267.9,13.7,914.99,122.59,2.9,0.39,0.26,16,0.84,1,Jharkhand,Dhanbad
138.3,3.9,5805.94,172.99,3.4,0.76,0.1,1997,0.91,2,Bihar,Gaya
388.2,19.7,172.72,618.45,1.9,0.5,0.19,66,0.79,1,Jharkhand,Dhanbad
169.7,12.3,4899.15,223.03,0.6,0.47,0.34,604,0.58,0,Jharkhand,Jamshedpur
349.3,21.1,3235.0,153.37,2.2,0.59,0.31,1175,0.78,2,Jharkhand,Jamshedpur
150.0,19.1,390.99,535.16,1.9,0.4,0.26,1425,0.48,1,Jharkhand,Hazaribagh
105.4,3.2,15040.22,132.85,4.2,0.77,0.1,186,0.85,2,Bihar,Bhagalpur
178.0,8.6,169.95,78.55,1.8,0.79,0.07,318,0.93,2,Bihar,Bhagalpur
172.0,2.6,1440.05,246.32,2.5,0.85,0.05,1229,0.87,2,Bihar,Patna
188.7,5.1,277.4,560.48,2.2,0.84,0.1,336,0.91,1,Bihar,Begusarai
306.1,20.4,6766.09,328.58,1.4,0.52,0.34,716,0.66,1,Jharkhand,Dhanbad
35.8,10.7,1129.97,65.45,3.1,0.8,0.15,478,0.71,2,Bihar,Muzaffarpur
389.8,15.2,4031.27,149.12,2.4,0.6,0.15,284,0.61,1,Jharkhand,Ranchi
135.3,3.9,21068.12,0.19,3.9,0.79,0.14,263,0.92,2,Bihar,Begusarai
269.3,21.2,761.69,597.0,1.7,0.31,0.27,209,0.45,1,Jharkhand,Jamshedpur
141.2,10.4,11224.16,278.99,2.8,0.86,0.11,181,0.97,1,Bihar,Gaya
218.5,15.1,7678.89,233.47,0.4,0.47,0.28,549,0.65,1,Jharkhand,Dhanbad
303.1,27.9,514.96,215.66,2.3,0.35,0.22,1501,0.43,1,Jharkhand,Hazaribagh
245.7,24.7,368.18,510.35,0.9,0.49,0.35,329,0.88,1,Jharkhand,Jamshedpur
205.7,16.5,366.94,286.9,1.1,0.31,0.29,542,0.46,0,Jharkhand,Jamshedpur
192.9,12.6,2807.14,379.31,0.5,0.37,0.33,1014,0.31,0,Jharkhand,Hazaribagh
